date,lat,lon,gps,pressur,speed,external,internal,o-date,o-lat,o-lon,o-gpsalt,o-pressurealt,o-speed,o-externaltemp,o-internaltemp
1440691815250,52.17651999999999,11.715210000000004,38.8,59.88375000000002,0,21.84499999999999,27.45361328125,1440691819437.5,52.17651999999999,11.715210000000004,38.803125,59.885,0,21.84499999999999,27.667236328125
1440691851555.5557,52.17651999999999,11.715210000000006,38.79999999999999,59.77666666666667,0,21.840555555555554,27.17556423611111,1440691851555.5557,52.17651999999999,11.715210000000006,38.79999999999999,59.791666666666664,0,21.840555555555554,27.501085069444443
1440691870894.7368,52.17651684210526,11.715213157894734,38.73684210526317,59.714210526315796,0,21.843157894736834,27.1484375,1440691870894.7368,52.17651684210526,11.715213157894734,38.73684210526317,59.69263157894736,0.1105263157894737,22.325789473684218,27.30263157894737
1440691884700,52.17650999999999,11.715219999999995,38.77,59.7115,0,21.863500000000002,27.197265625,1440691884700,52.17650999999999,11.715219999999995,38.77,59.50949999999999,0.1365,22.02750000000001,27.4169921875
1440691911117.647,52.17651,11.715219999999997,39.57647058823528,59.51411764705883,0,21.95058823529412,27.1484375,1440691911117.647,52.17651,11.715219999999997,39.57647058823528,59.56529411764706,0.01764705882352941,21.95058823529412,27.378216911764707
1440691929454.5454,52.17648272727272,11.71521136363637,40.29999999999998,59.389090909090896,0.035,21.99,27.1484375,1440691929454.5454,52.17648272727272,11.196337727272732,40.29999999999998,59.34727272727271,0.0931818181818182,22.09772727272727,27.1484375
1440691951720,52.17648,11.715210000000006,40.383999999999986,59.40799999999999,0.015600000000000001,21.95,27.1484375,1440691951720,52.17648,11.715210000000006,40.383999999999986,59.31119999999998,0.0292,22.514800000000008,27.3828125
1440691971052.6316,52.17647999999998,11.715210000000006,40.763157894736835,59.325789473684225,0.020526315789473684,22.00052631578947,27.1484375,1440691971052.6316,52.17647999999998,11.715210000000006,25.263157894736853,59.325789473684225,0.020526315789473684,22.19421052631579,27.276932565789473
1440691987333.3333,52.17648303030305,11.715225454545454,42.390909090909076,59.33030303030302,0.16515151515151524,21.889999999999997,27.1484375,1440691987333.3333,52.1764721212121,11.715225454545454,42.79090909090907,27.283030303030287,0.7969696969696967,21.91424242424242,27.192826704545453
1440692010400,52.17650000000001,11.715239999999996,42.72800000000001,59.359999999999985,0,21.659200000000002,27.1484375,1440692010400,52.17650000000001,11.715239999999996,37.68600000000001,59.457599999999985,0,21.659200000000002,26.9921875
1440692026857.1428,52.17650000000002,11.715239999999996,42.6,59.27999999999999,0,21.502857142857152,26.974051339285715,1440692026857.1428,52.17650000000002,11.715239999999996,42.6,59.34535714285712,0,21.502857142857152,27.0263671875
1440692050714.2856,52.17649714285716,11.715239999999996,42.60000000000001,59.31142857142856,0,21.50285714285715,26.729910714285715,1440692050714.2856,52.17649714285716,10.413062857142853,42.60000000000001,59.28714285714285,0,21.3747619047619,26.636904761904763
1440692074777.7778,52.17649000000002,11.715239999999996,42.64444444444446,59.449999999999996,0,21.549999999999997,26.822916666666668,1440692074777.7778,52.17649000000002,6.095662222222218,42.64444444444446,59.449999999999996,0,21.525555555555552,26.85004340277778
1440692087882.353,52.176490000000015,11.715239999999996,42.70000000000001,59.670588235294105,0,21.534705882352945,26.717601102941178,1440692087882.353,52.176490000000015,11.715239999999996,42.70000000000001,59.670588235294105,0,21.71117647058824,26.97610294117647
1440692110476.1904,52.17649000000002,11.715239999999996,42.733333333333356,60.75619047619047,0,21.574761904761903,26.846168154761905,1440692110476.1904,52.17649000000002,11.715239999999996,22.916666666666668,60.75619047619047,0.26142857142857145,21.609523809523804,27.218191964285715
1440692127565.2173,52.17649000000003,11.715239999999996,42.700000000000024,60.77826086956521,0,21.5595652173913,26.936141304347824,1440692127565.2173,52.17649000000003,11.715239999999996,42.85652173913046,58.23739130434783,0.006086956521739131,21.5595652173913,27.31827445652174
1440692142000,52.176489999999994,11.715239999999996,42.25454545454546,60.94727272727273,0,21.53272727272727,26.970880681818183,1440692142000,52.176489999999994,11.657923636363636,42.26363636363637,60.94727272727273,0,21.53272727272727,26.837713068181817
1440692170314.2856,52.17649000000004,11.715239999999996,42.01428571428573,60.79257142857142,0,21.531999999999986,27.064732142857142,1440692170314.2856,52.17649000000004,11.715239999999996,42.01428571428573,60.23399999999999,0,21.89542857142856,27.162388392857142
1440692191578.9473,52.17649000000002,11.715239999999996,42,60.807894736842115,0.005263157894736842,21.53052631578947,26.968544407894736,1440692191578.9473,52.17649000000002,11.715236842105258,42,61.08789473684211,0.13789473684210524,21.88105263157895,26.81435032894737
1440692210210.5264,52.17649000000002,11.715239999999996,42,60.79421052631579,0.04105263157894737,21.533684210526314,27.1484375,1440692210210.5264,52.17649000000002,11.715229999999996,42,60.79421052631579,0.26368421052631574,21.7621052631579,27.225534539473685
1440692227454.5454,52.176496818181825,11.715237613636363,42.10454545454547,61.00545454545454,0.004545454545454546,21.5790909090909,27.126242897727273,1440692227454.5454,52.176496818181825,11.715234431818182,42.10454545454547,60.99363636363636,0.022272727272727277,21.72454545454545,27.215021306818183
1440692248037.037,52.17650000000002,11.715236500000001,41.92962962962962,61.42777777777777,0.03333333333333333,21.603703703703697,27.40162037037037,1440692248037.037,52.17650000000002,11.715236500000001,42.00185185185185,61.42777777777777,0.22259259259259262,21.709629629629642,27.510127314814813
1440692269909.0908,52.176510909090915,11.715237454545456,41.38636363636362,61.47590909090911,0.015454545454545455,21.57863636363637,27.436967329545453,1440692269909.0908,52.176510909090915,11.715237454545456,41.38636363636362,85.76636363636361,0.4227272727272726,21.61272727272728,27.614524147727273
1440692287380.9524,52.171557142857125,11.703628571428567,41.20476190476192,61.47285714285716,0.04571428571428572,21.48285714285715,27.613467261904763,1440692287380.9524,52.171557142857125,11.703628571428567,41.20476190476192,61.47285714285716,0.15761904761904763,21.48285714285715,27.706473214285715
1440692306296.2964,52.17000000000001,11.699999999999996,41.70740740740741,64.59407407407406,0.44925925925925925,21.363703703703703,27.528211805555557,1440692306296.2964,52.17000000000001,11.699999999999996,41.70740740740741,64.59407407407406,0.44925925925925925,21.363703703703703,27.709056712962962
1440692329833.3333,52.17000000000002,11.71019333333333,73.4361111111111,110.01222222222223,21.21916666666667,21.1375,27.56890190972222,1440692329833.3333,52.1740866666667,11.71019333333333,73.4361111111111,110.01222222222223,21.21916666666667,21.1375,27.69097222222222
1440692344594.5945,52.17166108108104,11.71519513513513,171.32432432432432,189.71081081081084,24.93216216216215,20.986216216216224,27.59712837837838,1440692344594.5945,52.17503945945942,11.709409729729726,171.32432432432432,189.71081081081084,29.45378378378377,20.986216216216224,27.82147381756757
1440692370111.111,52.17428555555554,11.715139999999998,260.57777777777767,270.70370370370364,19.798518518518513,20.794814814814817,27.63671875,1440692370111.111,52.17428555555554,11.701112592592587,260.57777777777767,270.70370370370364,19.94962962962962,20.794814814814817,27.69097222222222
1440692385370.3704,52.172883333333374,11.71508,320.2148148148148,323.7833333333333,18.372962962962973,20.642592592592592,27.63671875,1440692385370.3704,52.172883333333374,11.714910000000005,320.2148148148148,323.7833333333333,17.394814814814826,20.642592592592592,27.69097222222222
1440692407148.1482,52.17234629629628,11.714954814814812,404.4444444444444,408.2144444444445,15.38074074074074,20.47555555555555,27.63671875,1440692407148.1482,52.17234629629628,11.714820370370367,404.4444444444444,408.2144444444445,10.853703703703697,20.47555555555555,28.016493055555557
1440692427464.2856,52.172071428571414,11.714901428571434,484.00999999999993,485.62107142857127,7.616428571428573,20.248928571428575,27.63671875,1440692427464.2856,52.172071428571414,11.714901428571434,484.00999999999993,485.62107142857127,4.2478571428571446,20.248928571428575,27.723911830357142
1440692444937.5,52.17207999999999,11.714551562500004,556.20625,553.2846875,8.674062500000005,20.038125000000004,27.63671875,1440692444937.5,52.17187749999997,11.714551562500004,556.20625,553.2846875,8.618125000000004,20.038125000000004,27.8656005859375
1440692467947.3684,52.17218105263159,11.714402105263156,637.0631578947368,639.2952631578945,7.964736842105265,19.779999999999998,27.63671875,1440692467947.3684,52.17218105263159,11.714402105263156,637.0631578947368,639.2952631578945,7.447894736842108,19.779999999999998,28.125
1440692488913.0435,52.17258586956526,11.714326739130442,744.3565217391301,742.6960869565216,19.069347826086954,19.591086956521735,27.838400135869566,1440692488913.0435,52.17258586956526,11.714326739130442,744.3565217391301,742.6960869565216,18.85586956521739,19.591086956521735,28.018851902173914
1440692512074.074,52.17291703703704,11.714372962962964,833.4962962962958,818.0703703703709,25.292222222222236,19.4062962962963,28.016493055555557,1440692512074.074,52.17291703703704,11.71331148148148,833.4962962962958,818.0703703703709,26.41703703703704,19.4062962962963,27.962239583333332
1440692530300,52.17470000000002,11.715489999999994,911.5799999999998,902.4683333333338,25.677333333333326,19.19166666666667,28.043619791666668,1440692530300,52.17470000000002,11.715489999999994,911.5799999999998,902.4683333333338,25.777333333333324,19.19166666666667,28.271484375
1440692551086.9565,52.17531782608697,11.715486521739127,993.2304347826088,985.0291304347828,23.92130434782608,19.02652173913044,28.061311141304348,1440692551086.9565,52.17531782608697,11.71211913043478,1840.219130434783,871.5339130434785,26.053043478260864,19.02652173913044,28.188688858695652
1440692569833.3333,52.17770416666667,11.715394166666664,1087.4333333333332,1080.975416666667,25.356249999999992,18.721666666666668,28.125,1440692569833.3333,52.17770416666667,11.715236666666671,1493.2820833333328,1080.975416666667,26.169583333333332,18.721666666666668,28.165690104166668
1440692589064.516,52.17865322580646,11.715343225806453,1162.3032258064516,1164.634838709677,38.264838709677434,18.445806451612903,28.125,1440692589064.516,52.17865322580646,11.715087741935486,1059.2290322580645,1164.634838709677,38.09870967741937,18.445806451612903,28.140751008064516
1440692609666.6667,52.181126363636366,11.715101212121217,1281.3303030303027,1256.881818181818,52.89727272727271,18.134848484848483,28.125,1440692609666.6667,52.181126363636366,11.715101212121217,1281.3303030303027,1256.881818181818,52.89727272727271,18.134848484848483,28.198982007575758
1440692629764.7058,52.18137000000001,11.715100000000003,1347.3705882352938,1322.2676470588235,53.702352941176486,17.91,28.125,1440692629764.7058,52.18137000000001,11.715100000000003,1204.1799999999998,1322.2676470588235,53.702352941176486,17.91,28.038832720588236
1440692646117.647,52.18561147058819,11.716157941176467,1437.3647058823526,1419.026764705883,57.76235294117649,17.621470588235297,28.125,1440692646117.647,52.18561147058819,11.716157941176467,1437.3647058823526,1419.026764705883,57.76235294117649,17.621470588235297,28.19680606617647
1440692672000,52.18574,11.71619,1545.3499999999997,1512.6491666666668,57.17083333333334,17.305000000000003,28.125,1440692672000,52.18574,11.71619,1545.3499999999997,1512.6491666666668,66.58,17.305000000000003,28.165690104166668
1440692691296.2964,52.1918022222222,11.718323333333338,1546.6037037037038,1576.5840740740748,59.24888888888891,17.050000000000008,28.125,1440692691296.2964,52.1918022222222,11.718323333333338,1061.9899999999998,1576.5840740740748,67.04037037037038,17.050000000000008,28.16116898148148
1440692704000,52.19542041666667,11.720545416666669,1608.8041666666659,1653.2200000000003,59.26249999999998,16.70333333333333,28.125,1440692704000,52.19542041666667,11.720545416666669,719.2104166666668,1653.2200000000003,62.02791666666664,16.70333333333333,28.4912109375
1440692727534.8838,52.19969000000001,11.722347906976742,1779.3139534883715,1725.268139534884,60.81372093023256,16.260465116279057,28.125,1440692727534.8838,52.19969000000001,11.728747441860463,1779.3139534883715,1725.268139534884,62.84418604651165,16.260465116279057,28.204487645348838
1440692756000,52.202639999999995,11.72218,1866.3999999999999,1826.0933333333332,70.695,15.789999999999997,28.125,1440692756000,52.202639999999995,11.700000000000001,1866.3999999999999,1826.0933333333332,70.695,15.789999999999997,28.287760416666668
1440692766709.6775,52.20441032258062,11.726937741935483,1908.3193548387108,1849.3964516129033,67.89451612903225,15.578387096774197,28.125,1440692766709.6775,52.20441032258062,11.725506774193548,1908.3193548387108,1849.3964516129033,76.22032258064513,15.578387096774197,28.487273185483872
1440692784916.6667,52.207978750000024,11.730436250000002,1977.491666666666,1933.5729166666672,84.69166666666662,15.133333333333331,28.125,1440692784916.6667,52.207978750000024,11.730436250000002,1977.491666666666,1933.5729166666672,84.69166666666662,15.133333333333331,28.511555989583332
1440692807125,52.21208218750002,11.735257187499998,2048.0062499999995,2016.0700000000002,87.39093750000002,14.51062500000001,28.30810546875,1440692807125,52.21208218750002,11.734364374999998,2048.0062499999995,2016.0700000000002,88.9640625,14.51062500000001,28.338623046875
1440692832333.3333,52.21313,11.7369,2178.3333333333335,2115.9166666666665,86.15666666666668,13.740000000000002,28.206380208333332,1440692832333.3333,52.21313,11.7369,2178.3333333333335,2115.9166666666665,93.66333333333334,13.740000000000002,28.531901041666668
1440692840000,52.213129999999985,11.7369,2191.1153846153848,2123.6315384615386,89.53692307692307,13.710769230769232,28.463040865384617,1440692840000,52.213129999999985,11.7369,2191.1153846153848,2123.6315384615386,90.62384615384616,13.710769230769232,28.763521634615383
1440692867958.3333,52.21752166666667,11.736899999999997,2243.8250000000003,2206.254166666666,88.74374999999998,13.196249999999994,28.511555989583332,1440692867958.3333,52.21752166666667,11.721524999999994,2243.8250000000003,2206.254166666666,92.66458333333334,13.196249999999994,28.369140625
1440692886750,52.22488833333333,11.748129583333329,2291.566666666666,2249.830416666666,89.30708333333335,12.728333333333325,28.572591145833332,1440692886750,52.22488833333333,11.73736708333333,1829.047916666667,2249.830416666666,89.60000000000001,12.728333333333325,28.43017578125
1440692900000,52.227789999999985,11.754869999999999,2370.2000000000003,2291.900714285713,90.3621428571428,12.004999999999997,28.560965401785715,1440692900000,52.227789999999985,11.754869999999999,2370.2000000000003,6753.477142857141,90.69714285714288,12.004999999999997,28.473772321428573
1440692933285.7144,52.23355200000002,11.642576000000004,2441.065714285715,2380.5517142857134,92.78799999999998,11.429999999999998,28.571428571428573,1440692933285.7144,52.23355200000002,65.780628,2441.065714285715,2380.5517142857134,92.51142857142857,11.429999999999998,28.390066964285715
1440692951952.3809,52.23679571428573,11.711157619047619,2508.9952380952377,2423.350000000001,93.1261904761905,11.041904761904762,28.61328125,1440692951952.3809,52.23679571428573,11.703319047619043,2508.9952380952377,2423.350000000001,95.65904761904767,11.041904761904762,28.61328125
1440692967357.1428,52.23951000000004,11.7697,2561.785714285714,2491.0053571428566,94.37642857142858,10.675,28.61328125,1440692967357.1428,52.23951000000004,11.7697,2561.785714285714,2491.0053571428566,94.22714285714287,10.675,28.473772321428573
1440692988157.8948,52.242408947368425,11.773773684210527,2629.605263157895,2559.5336842105253,95.0821052631579,10.325789473684212,28.536184210526315,1440692988157.8948,52.242408947368425,11.773773684210527,2629.605263157895,2559.5336842105253,95.36789473684213,10.325789473684212,28.536184210526315
1440693009878.7878,52.24776151515147,11.781121818181827,2713.9878787878793,2642.2693939393944,94.63696969696964,9.839090909090908,28.52450284090909,1440693009878.7878,52.24776151515147,11.781121818181827,2713.9878787878793,2642.2693939393944,96.73575757575759,9.839090909090908,27.72549715909091
1440693028315.7896,52.2508642105263,11.78549263157895,2793.636842105264,2731.5363157894735,94.79631578947367,9.425263157894737,28.125,1440693028315.7896,52.2508642105263,11.78549263157895,2793.636842105264,2731.5363157894735,91.71157894736845,9.425263157894737,28.125
1440693044777.7778,52.253367777777775,11.788844814814816,2867.3111111111107,2788.9799999999996,94.30703703703705,9.029259259259256,28.125,1440693044777.7778,52.253367777777775,11.788844814814816,2867.3111111111107,2606.4133333333334,94.532962962963,9.029259259259256,28.125
1440693068241.3794,52.25696999999998,11.79433,2975.575862068965,2870.536206896551,89.77655172413796,8.607586206896556,28.125,1440693068241.3794,52.25696999999998,11.79433,2975.575862068965,2446.126896551723,89.92965517241383,8.607586206896556,28.209186422413794
1440693084518.5186,52.25696999999999,11.79433,3068.9444444444443,2975.3996296296286,91.65814814814813,8.265555555555553,28.125,1440693084518.5186,52.25696999999999,11.79433,3068.9444444444443,2975.3996296296286,84.93592592592591,8.265555555555553,28.08883101851852
1440693107380.9524,52.262176666666655,11.802350000000006,3167.819047619049,3072.323809523809,90.62619047619047,7.89142857142857,27.75297619047619,1440693107380.9524,52.262176666666655,11.802350000000006,3167.819047619049,3072.323809523809,90.35857142857142,7.89142857142857,27.75297619047619
1440693129096.7742,52.26477999999998,11.806359999999998,3263.2612903225795,3172.5448387096776,90.51354838709673,7.352903225806452,27.63671875,1440693129096.7742,52.26477999999998,11.806359999999998,3263.2612903225795,3172.5448387096776,92.25645161290315,7.352903225806452,27.589465725806452
1440693155000,52.26478,11.80636,3363.1499999999996,3232.89,88.7875,7.032500000000001,27.63671875,1440693155000,52.26478,11.80636,3363.1499999999996,3232.89,83.3525,7.032500000000001,27.63671875
1440693166800,52.271971499999985,11.819659999999995,3386.35,3275.0823499999997,88.8535,6.5939999999999985,27.63671875,1440693166800,52.271971499999985,11.819659999999995,3386.35,3275.0823499999997,87.1235,6.5939999999999985,27.63671875
1440693189486.4866,52.275147027027046,11.825317837837837,3441.183783783783,3341.0902972972976,89.22486486486478,6.160540540540543,27.63671875,1440693189486.4866,52.275147027027046,11.825317837837837,3441.183783783783,3341.0902972972976,88.47324324324319,6.160540540540543,27.319995777027028
1440693212380.9524,52.27985714285712,11.834858571428574,3479.3095238095243,3381.937142857143,91.13238095238093,5.854761904761906,27.63671875,1440693212380.9524,52.27985714285712,11.834858571428574,3479.3095238095243,3381.937142857143,91.13238095238093,5.854761904761906,27.241443452380953
1440693223666.6667,52.28131466666667,11.83847666666667,3494.08,3401.714000000001,96.59200000000001,5.709999999999999,27.63671875,1440693223666.6667,52.28131466666667,11.83847666666667,3494.08,3401.714000000001,96.59200000000001,5.709999999999999,27.278645833333332
1440693249444.4443,52.283860277777784,11.845228611111109,3532.2833333333333,3425.750833333333,94.75055555555552,5.3619444444444415,27.36545138888889,1440693249444.4443,52.283860277777784,11.845228611111109,3532.2833333333333,2874.135833333332,99.77527777777772,5.3619444444444415,27.229817708333332
1440693271176.4707,52.28661705882354,11.844898235294115,3569.0058823529403,3470.316470588237,93.69705882352942,5.154705882352943,27.004825367647058,1440693271176.4707,52.28661705882354,11.81075529411765,3569.0058823529403,3470.316470588237,94.50882352941174,5.154705882352943,27.004825367647058
1440693293550,52.289980999999976,11.858996750000003,3630.669999999999,3527.257499999999,92.86349999999997,4.89825,26.7333984375,1440693293550,52.289980999999976,11.849854750000002,3630.669999999999,3527.257499999999,91.35424999999995,4.89825,26.66015625
1440693314718.75,52.2926,11.867399999999993,3696.265,3591.9500000000003,93.91718749999997,4.628437499999999,26.7364501953125,1440693314718.75,52.2926,11.867399999999993,3696.265,3591.9500000000003,94.72437499999997,4.628437499999999,26.6143798828125
1440693336000,52.294200000000004,11.865465,3674.1,3605.87,95.16,4.49,26.66015625,1440693336000,52.294200000000004,11.8337,934.74,2736.915,95.16,4.49,26.66015625
1440693346440,52.29626959999997,11.8725144,3752.66,3577.7128000000016,94.82919999999999,4.379599999999999,26.6796875,1440693346440,52.29626959999997,11.8216,3606.5608,78.35999999999996,93.46919999999994,4.379599999999999,26.796875
1440693371720,52.29860640000003,11.889212800000001,3827.608000000001,3701.4112000000005,94.8688,4.1636,26.640625,1440693371720,52.29860640000003,11.889212800000001,3827.608000000001,3136.0896000000007,96.1032,4.1636,26.30859375
1440693394428.5715,52.301318571428574,11.894967142857151,3876.4333333333343,3761.3428571428562,96.22523809523807,3.8957142857142864,26.241629464285715,1440693394428.5715,52.301318571428574,11.894967142857151,3876.4333333333343,3761.3428571428562,98.51999999999998,3.8957142857142864,26.241629464285715
1440693413863.6365,52.30336181818182,11.900955909090904,3914.672727272726,3781.4859090909085,98.32636363636362,3.809999999999999,26.305042613636363,1440693413863.6365,52.30336181818182,11.900955909090904,3914.672727272726,3783.480909090908,98.32636363636362,3.809999999999999,26.01651278409091
1440693429761.9048,52.30574285714287,11.907684285714282,3953.5999999999995,3838.9014285714275,98.57142857142857,3.6695238095238105,25.869605654761905,1440693429761.9048,52.30574285714287,11.907684285714282,3953.5999999999995,3838.9014285714275,101.42999999999999,3.6695238095238105,25.730096726190474
1440693449878.7878,52.306992727272714,11.911208181818186,4012.47090909091,3888.7760606060606,99.50606060606059,3.493636363636362,25.816761363636363,1440693449878.7878,52.306992727272714,11.911208181818186,4012.47090909091,3888.7760606060606,100.54181818181816,3.493636363636362,25.535629734848484
1440693475037.037,52.311146296296286,11.923034074074069,4095.011111111112,3957.750740740741,108.15222222222225,3.25925925925926,25.68359375,1440693475037.037,52.311146296296286,11.923034074074069,4095.011111111112,3957.750740740741,108.15222222222225,3.25925925925926,25.73784722222222
1440693493176.4707,52.31385,11.930000000000003,4146.858823529411,4016.64588235294,108.52470588235293,3.1164705882352948,25.68359375,1440693493176.4707,52.31385,11.930000000000003,4146.858823529411,4016.64588235294,108.52470588235293,3.1164705882352948,25.338924632352942
1440693509000,52.316370000000006,11.934588260869566,4193.304347826088,4066.039130434785,110.92739130434782,2.971739130434784,25.68359375,1440693509000,52.316370000000006,11.932396086956524,4193.304347826088,4066.039130434785,110.9508695652174,2.971739130434784,25.68359375
1440693529000,52.31889190476192,11.942334761904759,4250.319047619047,4111.232380952381,112.33333333333329,2.8076190476190472,25.68359375,1440693529000,52.31889190476192,11.942334761904759,4250.319047619047,4111.232380952381,112.33333333333329,2.8076190476190472,25.520833333333332
1440693551812.5,52.32203249999998,11.950913125000003,4323.665624999998,4190.9753125,112.55968750000001,2.5624999999999987,25.4547119140625,1440693551812.5,52.32203249999998,11.950913125000003,4323.665624999998,4190.9753125,115.82406249999995,2.5624999999999987,25.37841796875
1440693572000,52.32512799999997,11.949212500000002,4368.620000000001,4241.293999999999,112.40799999999997,2.3569999999999993,25.29296875,1440693572000,52.32512799999997,11.750295999999995,4368.620000000001,4241.293999999999,112.01849999999999,2.3569999999999993,25.0244140625
1440693590812.5,52.32936583333339,11.967289583333331,4446.460416666665,4305.464583333335,115.08208333333334,2.2408333333333332,25.225830078125,1440693590812.5,52.32936583333339,11.893941249999997,4446.460416666665,4305.464583333335,115.59499999999991,2.2408333333333332,25.032552083333332
1440693634312.5,52.33358999999999,11.98075,4531.062500000001,4372.75375,115.90874999999997,2.056875,24.920654296875,1440693634312.5,52.33358999999999,11.98075,4531.062500000001,4372.75375,112.10249999999996,2.056875,24.920654296875
1440693646612.9033,52.33679419354834,11.988368064516127,4580.47741935484,4433.5387096774175,114.94290322580645,1.9309677419354838,24.801537298387096,1440693646612.9033,52.33679419354834,11.988368064516127,4580.47741935484,4433.5387096774175,117.0403225806452,1.9309677419354838,24.644027217741936
1440693669869.5652,52.34117478260869,11.998898260869566,4635.278260869565,4491.735217391302,114.79043478260867,1.755652173913043,24.70703125,1440693669869.5652,52.34117478260869,11.998898260869566,4635.278260869565,4491.735217391302,113.6334782608696,1.755652173913043,24.770720108695652
1440693690714.2856,52.344060000000006,12.006020000000003,4687.671428571429,4539.91,115.53642857142857,1.5985714285714285,24.462890625,1440693690714.2856,52.344060000000006,12.006020000000003,4687.671428571429,4539.91,116.91928571428573,1.5985714285714285,24.462890625
1440693700000,52.345788125000006,12.010401250000001,4730.2625,4578.343437499999,115.92343749999996,1.3481250000000005,24.40185546875,1440693700000,52.345788125000006,12.010401250000001,4730.2625,4578.343437499999,116.77906249999997,1.3481250000000005,24.310302734375
1440693734714.2856,52.34998714285713,12.021085714285709,4776.692857142858,4627.551428571428,118.08142857142859,1.2114285714285713,24.21875,1440693734714.2856,52.34998714285713,12.021085714285709,4776.692857142858,4627.551428571428,118.08142857142859,1.2114285714285713,24.288504464285715
1440693745925.926,52.35384814814811,12.030328888888892,4811.699999999998,4659.007407407408,118.15259259259255,1.0755555555555556,24.25491898148148,1440693745925.926,52.35384814814811,12.028844444444449,4811.699999999998,4659.007407407408,118.27814814814812,1.0755555555555556,24.110243055555557
1440693765000,52.35669000000001,12.031624999999998,4873.88846153846,4714.585384615387,117.88461538461539,0.8780769230769235,24.21875,1440693765000,52.35669000000001,12.039045000000003,4873.88846153846,4714.585384615387,116.24384615384618,0.8780769230769235,24.143629807692307
1440693790000,52.359999411764726,12.038372941176466,4911.429411764705,4752.89705882353,118.91882352941174,0.7988235294117646,23.931525735294116,1440693790000,52.359999411764726,12.04043764705882,4911.429411764705,4752.89705882353,118.91764705882353,0.7988235294117646,23.931525735294116
1440693809583.3333,52.36021000000004,12.040000000000004,4957.733333333333,4775.885277777777,117.77916666666663,0.7177777777777782,23.988172743055557,1440693809583.3333,52.36021000000004,12.040000000000004,4957.733333333333,4060.8777777777773,118.20999999999998,0.7177777777777782,23.811848958333332
1440693829454.5454,52.36210818181819,12.047499999999996,5002.627272727275,4832.768181818183,116.14999999999999,0.6218181818181816,23.908025568181817,1440693829454.5454,52.36210818181819,12.047499999999996,5002.627272727275,4403.660000000001,116.14999999999999,0.6218181818181816,23.908025568181817
1440693840000,52.368671818181795,12.0717109090909,5056.754545454546,4881.982500000002,117.03590909090903,0.5186363636363637,23.81924715909091,1440693840000,52.368671818181795,12.0717109090909,5056.754545454546,4882.591136363639,119.2829545454546,0.5186363636363637,23.808149857954547
1440693875000,52.37198260869567,12.080964782608698,5111.769565217391,4945.8821739130435,117.23608695652179,0.357391304347826,23.794157608695652,1440693875000,52.37198260869567,12.080964782608698,5111.769565217391,4945.8821739130435,116.9326086956522,0.357391304347826,23.603091032608695
1440693890000,52.37527400000001,12.085438000000002,5150.593333333334,4953.512000000001,116.43333333333331,0.25333333333333347,23.33984375,1440693890000,52.37527400000001,12.083552000000001,5150.593333333334,4957.582666666667,117.17866666666666,0.25333333333333347,23.33984375
1440693913200,52.37801,12.079513500000003,5197.350000000002,5023.286499999999,117.44300000000003,0.08750000000000004,23.3154296875,1440693913200,52.37801,12,5197.350000000002,5023.286499999999,116.82549999999999,0.08750000000000004,23.3154296875
1440693929285.7144,52.37979857142858,12.085272857142858,5236.080952380949,5062.917142857141,116.85047619047616,-0.08428571428571431,23.2421875,1440693929285.7144,52.37979857142858,12.051379047619045,5236.080952380949,5062.917142857141,113.15333333333336,-0.08428571428571431,23.2421875
1440693946130.4348,52.38322304347829,12.086356521739132,5282.691304347827,5104.109130434785,116.82999999999997,-0.2460869565217391,23.2421875,1440693946130.4348,52.38322304347829,12.106626086956524,5282.691304347827,5104.109130434785,117.83739130434773,-0.2460869565217391,23.2421875
1440693967529.4119,52.38498411764713,12.103345882352945,5346.380490196077,5165.404901960784,115.88647058823524,-0.4901960784313727,23.2421875,1440693967529.4119,52.38498411764713,12.103345882352945,5346.380490196077,5165.404901960784,115.37803921568637,-0.4901960784313727,23.108149509803923
1440693990000,52.390162,12.130808000000004,5395.473333333332,5215.494000000001,114.78066666666668,-0.6913333333333334,23.2421875,1440693990000,52.390162,12.130808000000004,5395.473333333332,5215.494000000001,114.48800000000001,-0.6913333333333334,23.177083333333332
1440694008702.7026,52.39250918918922,12.137291891891888,5438.810810810808,5238.803513513514,115.18675675675675,-0.8237837837837835,23.21579391891892,1440694008702.7026,52.39250918918922,12.137291891891888,5438.810810810808,3753.1086486486483,115.12189189189189,-0.8237837837837835,22.79349662162162
1440694032857.1428,52.39620500000001,12.147347142857143,5496.157142857143,5301.5371428571425,115.00142857142859,-0.9707142857142858,23.102678571428573,1440694032857.1428,52.39620500000001,12.147347142857143,5496.157142857143,5301.5371428571425,113.50142857142859,-0.9707142857142858,23.102678571428573
1440694050480,52.3982552,12.152892400000002,5532.816000000001,5329.9248,115.49200000000006,-1.2063999999999997,22.83203125,1440694050480,52.3982552,12.152892400000002,5532.816000000001,5329.9248,120.24280000000007,-1.2063999999999997,22.63671875
1440694071419.3547,52.40136903225806,12.188761612903233,5571.6645161290335,5379.197741935484,115.3122580645161,-1.459032258064516,22.91141633064516,1440694071419.3547,52.40136903225806,9.534739032258063,5571.6645161290335,5380.211290322581,119.73129032258063,-1.459032258064516,22.67515120967742
1440694085000,52.40437526315791,12.169382105263162,5613.605263157894,5415.6894736842105,115.22684210526316,-1.6547368421052633,22.779605263157894,1440694085000,52.40437526315791,12.169382105263162,5613.605263157894,5415.6894736842105,114.47052631578947,-1.6547368421052633,22.728207236842106
1440694110921.0527,52.40846736842106,12.17938131578948,5657.1973684210525,5451.718684210527,116.20842105263168,-1.925,22.676809210526315,1440694110921.0527,52.40846736842106,12.17938131578948,5657.1973684210525,5194.262368421052,117.69421052631584,-1.925,22.49691611842105
1440694134250,52.40992,12.182879999999999,5694.275,5487.075000000002,117.62,-2.1125,22.75390625,1440694134250,52.40992,12.182879999999999,5694.275,4875.616250000001,121.26,-2.1125,22.265625
1440694146392.8572,52.41319857142857,12.190828571428568,5718.82142857143,5517.258928571427,115.32071428571427,-2.3335714285714277,22.562081473214285,1440694146392.8572,52.41319857142857,12.190828571428568,5718.82142857143,5517.258928571427,119.75714285714284,-2.3335714285714277,22.457449776785715
1440694163810.8108,52.41790918918918,12.194685945945936,5768.508108108105,5558.707027027026,116.67189189189183,-2.6348648648648663,22.358002533783782,1440694163810.8108,52.41790918918918,65.6153243243243,5768.508108108105,5263.354594594593,117.88810810810806,-2.6348648648648663,22.31841216216216
1440694192000,52.42082000000001,12.2,5804.378571428572,5603.023571428572,117.45285714285714,-2.844285714285714,22.265625,1440694192000,52.42082000000001,12.2,5804.378571428572,5603.023571428572,118.44714285714285,-2.844285714285714,22.265625
1440694207090.9092,52.42364272727272,12.216829090909096,5834.881818181817,5626.023636363639,116.8236363636363,-2.985454545454546,22.265625,1440694207090.9092,52.42364272727272,12.216829090909096,5834.881818181817,5626.023636363639,119.06818181818176,-2.985454545454546,22.11026278409091
1440694228296.2964,52.426718888888885,12.225084444444448,5872.805925925926,5659.754814814817,115.49777777777773,-3.168518518518519,22.265625,1440694228296.2964,52.426718888888885,12.225084444444448,5872.805925925926,5659.754814814817,115.42518518518516,-3.168518518518519,22.193287037037038
1440694240000,52.43018214285716,12.229937857142863,5915.094285714283,5702.237350000001,115.90535714285711,-3.379285714285713,22.265625,1440694240000,52.43018214285716,12.234017857142858,5915.094285714283,5702.237350000001,119.55000000000003,-3.379285714285713,22.213309151785715
1440694272400,52.43417000000001,12.199999999999996,5956.545000000001,5741.445999999998,115.57500000000002,-3.531500000000002,22.265625,1440694272400,52.43417000000001,12.199999999999996,5956.545000000001,5741.445999999998,116.53,-3.531500000000002,21.8994140625
1440694289846.1538,52.43633102564107,12.22145128205128,5995.146153846148,5786.234871794872,115.77769230769228,-3.76897435897436,22.09034455128205,1440694289846.1538,52.43633102564107,12.22145128205128,5995.146153846148,5786.234871794872,119.09410256410257,-3.76897435897436,22.027744391025642
1440694316615.3845,52.44248538461539,12.26208769230769,6036.49230769231,5822.35076923077,117.8576923076923,-3.9676923076923063,21.77734375,1440694316615.3845,52.44248538461539,12.26208769230769,6036.49230769231,5822.35076923077,118.40692307692308,-3.9676923076923063,21.77734375
1440694329400,52.443150000000024,12.263659999999994,6067.465000000001,5839.141500000002,115.36699999999999,-4.0714999999999995,21.8505859375,1440694329400,52.443150000000024,12.263659999999994,6067.465000000001,5839.141500000002,118.6795,-4.0714999999999995,21.7041015625
1440694350172.4138,52.44315000000004,12.26366,6111.996551724138,5885.762413793104,116.0955172413793,-4.228620689655172,21.827855603448278,1440694350172.4138,52.44315000000004,12.26366,6111.996551724138,5885.762413793104,119.19827586206897,-4.228620689655172,21.491109913793103
1440694364000,52.44643631578949,12.26968,6151.178947368423,5912.745263157895,116.53210526315794,-4.388421052631578,21.77734375,1440694364000,52.44643631578949,12.26968,6151.178947368423,5938.9326315789485,115.59947368421057,-4.388421052631578,21.571751644736842
1440694387571.4285,52.453621428571445,12.286697142857145,6189.045714285714,5960.381999999997,116.55914285714286,-4.59657142857143,21.554129464285715,1440694387571.4285,52.453621428571445,12.286697142857145,6189.045714285714,5963.935999999996,118.13028571428572,-4.59657142857143,21.470424107142858
1440694408333.3333,52.45743541666666,12.298025833333336,6239.358333333334,5994.021666666667,117.43291666666669,-4.7941666666666665,21.451822916666668,1440694408333.3333,52.45743541666666,12.298025833333336,6239.358333333334,5994.021666666667,118.57125000000008,-4.7941666666666665,21.187337239583332
1440694431159.0908,52.45969818181818,12.309109999999999,6300.725,6062.334545454548,117.49159090909093,-5.051363636363638,21.333451704545453,1440694431159.0908,52.46096409090907,12.309109999999999,6300.725,6062.334545454548,115.56840909090911,-5.051363636363638,21.222478693181817
1440694466107.1428,52.46000000000002,12.31497,6375.321428571429,6136.90142857143,117.99035714285719,-5.371071428571432,21.2890625,1440694466107.1428,52.46000000000002,12.31497,6375.321428571429,6136.90142857143,122.32392857142862,-5.371071428571432,21.062360491071427
1440694489375,52.467671500000016,12.328614874999996,6451.312500000001,6199.7665000000015,119.70025000000007,-5.657250000000003,21.1181640625,1440694489375,52.467671500000016,12.328614874999996,6451.312500000001,6200.8555000000015,119.27250000000004,-5.657250000000003,20.86181640625
1440694527000,52.47529166666667,12.344394166666662,6537.929166666668,6286.312500000001,119.73000000000003,-5.967083333333334,20.902506510416668,1440694527000,52.47529166666667,12.344394166666662,6537.929166666668,6286.312500000001,120.2904166666667,-5.967083333333334,20.86181640625
1440694550000,52.47906249999999,12.354353749999994,6588.3208333333305,6341.787083333334,120.00375000000001,-6.296666666666664,20.902506510416668,1440694550000,52.47906249999999,12.354353749999994,6588.3208333333305,6341.787083333334,120.27916666666668,-6.296666666666664,20.332845052083332
1440694569041.6667,52.48206791666667,12.357689583333332,6641.637499999998,6386.603333333335,119.50166666666671,-6.502083333333334,20.80078125,1440694569041.6667,52.48206791666667,12.342393333333339,6641.637499999998,6386.603333333335,116.87708333333337,-6.502083333333334,20.73974609375
1440694591206.8965,52.486202413793144,12.370838275862067,6697.727586206896,6437.34206896552,119.89448275862063,-6.730344827586209,20.80078125,1440694591206.8965,52.486202413793144,12.35921896551724,6697.727586206896,6437.34206896552,121.71827586206894,-6.730344827586209,20.58189655172414
1440694609961.5386,52.4890996153846,12.38071038461538,6738.503846153846,6480.603461538462,118.56769230769227,-6.93423076923077,20.42518028846154,1440694609961.5386,52.4890996153846,12.38071038461538,6738.503846153846,6480.603461538462,118.52423076923068,-6.93423076923077,20.42518028846154
1440694621000,52.49228692307691,12.389078846153847,6790.996153846155,6526.633846153849,119.5873076923077,-7.18346153846154,20.350060096153847,1440694621000,52.49228692307691,12.389078846153847,6790.996153846155,6526.633846153849,117.32076923076923,-7.18346153846154,20.274939903846153
1440694649451.6128,52.495651612903245,12.39581032258065,6839.541935483871,6587.184193548384,120.59032258064515,-7.431612903225808,20.3125,1440694649451.6128,52.495651612903245,12.396046451612905,5853.988709677419,6587.184193548384,117.7577419354839,-7.431612903225808,11.491935483870968
1440694666000,52.49914079999999,12.399519599999998,6903.031999999999,6645.298799999998,117.33560000000001,-7.7652000000000045,20.3125,1440694666000,52.49914079999999,12.401748399999997,5924.1856,6645.298799999998,116.97720000000001,-7.7652000000000045,17.63671875
1440694692888.889,52.49991,12.400000000000004,6958.822222222221,6685.975555555557,116.0266666666667,-7.926666666666667,20.3125,1440694692888.889,52.49991,12.400000000000004,6958.822222222221,6685.975555555557,116.49722222222223,-7.926666666666667,19.85134548611111
1440694708903.2258,52.50300903225808,12.405322258064514,7002.006451612905,6708.903870967743,115.88838709677418,-8.15838709677419,20.139238911290324,1440694708903.2258,52.50300903225808,12.425967419354837,7002.006451612905,5352.4293548387095,111.87451612903223,-8.15838709677419,20.186491935483872
1440694730840,52.508204799999994,12.427617599999998,7035.424000000004,6766.1804,114.95280000000002,-8.372399999999999,19.98046875,1440694730840,52.508204799999994,12.427617599999998,5358.118400000001,6766.1804,112.15640000000003,-8.372399999999999,19.86328125
1440694752035.7144,52.51117999999998,12.434660000000004,7092.124285714287,6813.977857142856,114.84000000000002,-8.598214285714283,19.841657366071427,1440694752035.7144,52.51117999999998,12.434660000000004,7092.124285714287,6813.977857142856,115.47214285714288,-8.598214285714283,19.841657366071427
1440694771062.5,52.511179999999996,12.434660000000001,7140.30625,6852.795624999999,115.94937500000002,-8.826249999999998,19.82421875,1440694771062.5,52.511179999999996,12.434660000000001,7140.30625,6852.795624999999,115.94937500000002,-8.826249999999998,19.793701171875
1440694787800,52.516190000000016,12.446202500000002,7173.085000000001,6881.119499999998,114.9345,-9.02,19.82421875,1440694787800,52.516190000000016,12.446202500000002,7173.085000000001,6881.119499999998,117.18299999999999,-9.02,19.62890625
1440694803846.1538,52.520953461538475,12.454788846153845,7222.050000000003,6925.991923076926,116.32076923076922,-9.231923076923078,19.749098557692307,1440694803846.1538,52.520953461538475,12.449605769230768,7222.050000000003,6925.991923076926,118.1626923076923,-9.231923076923078,19.749098557692307
1440694823000,52.52409789473684,12.451164210526318,7268.436842105264,6978.716315789473,114.99105263157897,-9.457894736842105,19.3359375,1440694823000,52.52409789473684,12.403748421052635,7268.436842105264,6978.716315789473,117.99473684210524,-9.457894736842105,19.3359375
1440694848259.2593,52.52778666666664,12.471910000000001,7308.377777777774,7010.900740740742,116.25740740740746,-9.64814814814815,19.35402199074074,1440694848259.2593,52.52778666666664,12.471910000000001,7308.377777777774,7010.900740740742,119.46185185185192,-9.64814814814815,19.31785300925926
1440694865000,52.527839999999976,12.472029999999997,7356.499999999999,7056.089999999999,116.38636363636364,-9.896363636363633,19.3359375,1440694865000,52.527839999999976,12.472029999999997,7356.499999999999,7056.089999999999,120.88772727272722,-9.896363636363633,19.18057528409091
1440694893058.8235,52.531538823529395,12.472029999999998,7404.600000000001,7105.06588235294,116.6676470588235,-10.04529411764706,19.364659926470587,1440694893058.8235,52.531538823529395,12.446607647058826,7404.600000000001,7105.06588235294,118.60176470588237,-10.04529411764706,19.278492647058822
1440694914484.8484,52.54131454545458,12.49174636363636,7461.663636363639,7156.2027272727255,117.47363636363639,-10.450000000000005,19.24715909090909,1440694914484.8484,52.54131454545458,12.463370909090907,7461.663636363639,7156.2027272727255,119.19363636363639,-10.450000000000005,19.025213068181817
1440694946423.077,52.5471946153846,12.512531538461534,7523.662692307692,7214.995384615384,121.83230769230771,-10.726923076923073,18.96033653846154,1440694946423.077,52.5471946153846,12.512531538461534,7523.662692307692,7214.995384615384,121.71653846153848,-10.726923076923073,18.96033653846154
1440694968785.7144,52.54867678571428,12.514986071428567,7574.010714285715,7246.3928571428605,126.05392857142859,-10.978214285714285,18.934849330357142,1440694968785.7144,52.54867678571428,12.515557142857137,7574.010714285715,7248.503571428576,126.05392857142859,-10.978214285714285,18.655831473214285
1440694991238.0952,52.555409047619065,12.50559095238095,7628.585714285715,7310.510952380953,127.7895238095238,-11.177142857142861,18.917410714285715,1440694991238.0952,52.555409047619065,12.510525714285714,7628.585714285715,7310.510952380953,127.48095238095237,-11.177142857142861,18.708147321428573
1440695002280,52.557210000000005,12.518417599999996,7663.284000000003,7339.508800000002,131.27680000000004,-11.3628,18.8671875,1440695002280,52.557210000000005,12.511303599999998,7663.284000000003,7342.040000000004,131.93440000000004,-11.3628,18.69140625
1440695027153.8462,52.56199615384616,12.543941153846154,7713.381076923079,7383.637307692306,130.21307692307698,-11.578461538461537,18.79131610576923,1440695027153.8462,52.56199615384616,12.543941153846154,7713.381076923079,7383.637307692306,132.76000000000005,-11.578461538461537,18.753756009615383
1440695049560.9756,52.56675390243906,12.55564097560976,7781.095121951216,7449.873658536584,131.2753658536585,-11.888780487804874,18.538014481707318,1440695049560.9756,52.56675390243906,12.55564097560976,7781.095121951216,7124.639999999999,132.24341463414632,-11.888780487804874,18.299828506097562
1440695075000,52.567869999999985,12.55842,7820.085714285714,7491.772857142857,132.43,-12.115714285714287,18.84765625,1440695075000,52.567869999999985,12.55842,7820.085714285714,7491.772857142857,132.43,-12.115714285714287,17.87109375
1440695088535.7144,52.5721707142857,12.569576785714288,7853.292857142855,7508.821428571428,132.68535714285713,-12.258928571428568,18.307059151785715,1440695088535.7144,52.5721707142857,12.569576785714288,7853.292857142855,6077.771428571429,132.59392857142856,-12.258928571428568,18.2373046875
1440695107708.3333,52.576308333333344,12.581011250000001,7897.433333333334,7563.25541666667,132.9716666666666,-12.487083333333329,18.277994791666668,1440695107708.3333,52.576308333333344,12.581011250000001,7897.433333333334,7563.25541666667,132.5724999999999,-12.487083333333329,17.68798828125
1440695127344.8276,52.57954689655171,12.589865517241384,7939.572413793102,7606.4582758620645,133.89620689655175,-12.69,18.039466594827587,1440695127344.8276,52.57954689655171,12.589865517241384,7939.572413793102,7606.4582758620645,134.55931034482765,-12.69,17.921605603448278
1440695147142.8572,52.582411904761926,12.597997619047625,7987.071428571426,7622.299999999999,133.3185714285714,-12.94190476190476,18.057105654761905,1440695147142.8572,52.582411904761926,12.597997619047625,7987.071428571426,7622.299999999999,134.38047619047626,-12.94190476190476,17.847842261904763
1440695171487.805,52.58752024390244,12.604135365853653,8053.053658536583,7707.911243902438,134.33341463414638,-13.222926829268301,17.632907774390244,1440695171487.805,52.58752024390244,14.950857317073172,8053.053658536583,7707.911243902438,137.15268292682921,-13.222926829268301,17.632907774390244
1440695197333.3333,52.59136,12.599999999999996,8108.525000000002,7760.8499999999985,136.0091666666667,-13.419999999999996,17.789713541666668,1440695197333.3333,52.59136,12.599999999999996,8108.525000000002,7760.8499999999985,134.7458333333334,-13.419999999999996,17.2607421875
1440695207714.2856,52.591359999999995,12.599999999999996,8132.533333333333,7787.141428571427,134.15619047619052,-13.59238095238095,17.3828125,1440695207714.2856,52.591359999999995,12.599999999999996,8132.533333333333,7787.141428571427,133.48999999999998,-13.59238095238095,17.522321428571427
1440695232750,52.59445999999999,12.619550000000007,8199.150000000001,7844.301944444444,134.5808333333333,-13.800833333333339,17.396375868055557,1440695232750,52.59445999999999,12.619550000000007,8199.150000000001,7844.301944444444,134.76805555555546,-13.800833333333339,17.220052083333332
1440695257413.7932,52.59879999999999,12.646920000000003,8261.496551724138,7885.994827586201,134.7041379310345,-14.16689655172414,17.332300646551722,1440695257413.7932,52.59879999999999,12.646920000000003,7980.820000000001,7887.1437931034425,132.38896551724136,-14.16689655172414,17.096578663793103
1440695278000,52.5988,12.64692,8222.1,7927.1900000000005,133.34,-14.34,17.3828125,1440695278000,52.5988,12.64692,82.48,7927.1900000000005,133.34,-14.34,17.3828125
1440695289783.7837,52.60622216216215,12.632774594594602,8333.986486486489,7978.545405405401,134.43864864864872,-14.535675675675671,17.026499155405407,1440695289783.7837,52.60622216216215,13.02453027027027,8113.867027027028,7978.545405405401,135.11189189189187,-14.535675675675671,16.90772804054054
1440695312272.7273,52.60995272727273,12.612796363636361,8390.50818181818,8019.199090909091,132.91636363636366,-14.76818181818182,17.116477272727273,1440695312272.7273,52.60995272727273,12.620694545454542,8390.50818181818,8019.199090909091,129.23,-14.76818181818182,16.938920454545453
1440695323807.6924,52.610519999999966,12.600000000000001,8425.851923076927,8050.60653846154,133.95807692307693,-14.939615384615378,16.89453125,1440695323807.6924,52.610519999999966,12.600000000000001,7273.779615384616,6823.766538461539,131.25230769230768,-14.939615384615378,16.89453125
1440695343000,52.61083416666664,12.604361666666664,8478.654166666664,8108.922499999998,132.7516666666667,-15.19166666666667,16.89453125,1440695343000,52.61083416666664,12.604361666666664,8478.654166666664,8108.922499999998,133.57125000000005,-15.19166666666667,16.89453125
1440695366461.5386,52.618953846153815,12.705988461538462,8515.153846153846,8146.764615384615,133.9076923076923,-15.461153846153849,16.70673076923077,1440695366461.5386,52.618953846153815,12.705988461538462,8515.153846153846,8146.764615384615,133.2096153846153,-15.461153846153849,16.70673076923077
1440695385840,52.619639999999976,12.709450000000002,8557.976000000002,8181.7660000000005,133.11679999999996,-15.698400000000003,16.4453125,1440695385840,52.619639999999976,12.709450000000002,8557.976000000002,8183.368400000001,133.24359999999996,-15.698400000000003,16.3671875
1440695406666.6667,52.623302500000015,12.704724999999996,8604.5375,8223.777916666664,133.00208333333336,-15.82625,16.40625,1440695406666.6667,52.623302500000015,12.703543749999994,8604.5375,8223.777916666664,132.98458333333338,-15.82625,16.385904947916668
1440695429787.879,52.628509696969736,12.731194242424253,8645.807272727276,8264.49212121212,133.5784848484848,-16.080909090909078,16.40625,1440695429787.879,52.628509696969736,12.72861696969698,8645.807272727276,8264.49212121212,133.93696969696964,-16.080909090909078,16.40625
1440695451250,52.630180000000024,12.74094,8685.475000000004,8304.287916666668,133.39124999999993,-16.336666666666666,16.40625,1440695451250,52.630180000000024,12.74094,8685.475000000004,8304.287916666668,133.04166666666663,-16.336666666666666,16.162109375
1440695467894.7368,52.63018,12.740939999999997,8713.773684210524,8329.284210526313,132.66736842105263,-16.495263157894737,16.40625,1440695467894.7368,52.63018,12.740939999999997,8713.773684210524,8329.284210526313,132.66736842105263,-16.495263157894737,16.123560855263158
1440695484333.3333,52.63018000000001,12.740939999999997,8741.966666666664,8351.42666666667,133.30666666666662,-16.652857142857144,16.220238095238095,1440695484333.3333,52.63018000000001,12.740939999999997,8741.966666666664,8351.743809523812,132.26,-16.652857142857144,15.964471726190476
1440695506677.4194,52.63402451612904,12.736917419354842,8780.264516129033,8394.138709677418,132.56387096774196,-16.836774193548397,16.059727822580644,1440695506677.4194,52.63402451612904,12.742080000000003,8780.264516129033,8394.138709677418,132.75032258064516,-16.836774193548397,15.949470766129032
1440695528137.9312,52.64435586206894,12.699999999999994,8818.475862068966,8430.097586206895,132.97310344827585,-17.045172413793104,16.002155172413794,1440695528137.9312,52.64435586206894,12.699999999999994,8818.475862068966,8430.097586206895,132.18068965517244,-17.045172413793104,15.598060344827585
1440695545000,52.64777235294117,12.758812941176473,8858.520588235295,8447.231470588233,133.22352941176473,-17.232058823529414,15.831801470588236,1440695545000,52.64777235294117,12.758812941176473,8858.520588235295,5550.103529411768,134.12235294117647,-17.232058823529414,15.788717830882353
1440695574000,52.65177,12.804720000000001,8889.041666666666,8495.759166666669,133.62083333333337,-17.439999999999998,15.5517578125,1440695574000,52.65177,12.804720000000001,8889.041666666666,8495.759166666669,134.58916666666667,-17.439999999999998,15.5517578125
1440695591400,52.65298999999999,12.808165000000002,8917.125,8510.077999999998,133.86200000000002,-17.55599999999999,15.72265625,1440695591400,52.65298999999999,12.808165000000002,8477.377499999999,7254.2235,134.22400000000002,-17.55599999999999,14.990234375
1440695611727.2727,52.65681045454546,12.81895409090909,8938.427272727273,8545.425000000001,133.56363636363636,-17.71772727272727,15.607244318181818,1440695611727.2727,52.65681045454546,12.81895409090909,7728.749545454545,8545.425000000001,133.91454545454542,-17.71772727272727,15.207741477272727
1440695626888.889,52.660180000000004,12.828489999999992,8969.755555555554,8569.289629629624,133.7914814814815,-17.862222222222222,15.520109953703704,1440695626888.889,52.660180000000004,12.828489999999992,8969.755555555554,8569.289629629624,133.81851851851857,-17.862222222222222,15.140335648148149
1440695641000,52.662851111111074,12.835827777777784,9001.870370370369,8602.188888888888,134.32444444444448,-18.065555555555562,15.248842592592593,1440695641000,52.662851111111074,12.835827777777784,9001.870370370369,8602.188888888888,133.9992592592593,-18.065555555555562,15.248842592592593
1440695672727.2727,52.66834727272727,12.851096363636366,9030.972727272729,8621.25,133.86636363636362,-18.19090909090909,14.985795454545455,1440695672727.2727,52.66834727272727,12.851096363636366,9030.972727272729,8621.25,136.4081818181818,-18.19090909090909,-6.409801136363637
1440695681888.889,52.67098444444444,12.854791111111107,9053.618518518522,8646.478888888887,133.89814814814815,-18.337407407407408,15.013744212962964,1440695681888.889,52.67098444444444,29.901199259259275,9053.618518518522,8646.478888888887,135.11777777777786,-18.337407407407408,14.869068287037036
1440695706400,52.673561714285704,12.865644571428563,9080.351428571432,8660.660285714284,133.2000000000001,-18.477428571428565,14.74609375,1440695706400,52.673561714285704,12.865644571428563,7844.62885714286,8657.80714285714,133.3720000000001,-18.477428571428565,10.951450892857142
1440695731000,52.677919999999986,12.877750000000002,9115.1,8709.546666666667,132.56777777777776,-18.643333333333334,14.453125,1440695731000,52.677919999999986,12.877750000000002,9115.1,8709.546666666667,132.10666666666665,-18.643333333333334,14.453125
1440695746444.4443,52.68016518518519,12.883961851851845,9138.574074074077,8727.634444444438,132.54111111111106,-18.76111111111111,14.597800925925926,1440695746444.4443,52.68016518518519,12.883961851851845,9138.574074074077,8727.634444444438,130.63999999999993,-18.76111111111111,14.597800925925926
1440695766692.3076,52.682437307692304,12.890269615384607,9165.953846153845,8751.910384615387,132.30884615384613,-18.937692307692302,14.453125,1440695766692.3076,52.682437307692304,12.890269615384607,9165.953846153845,8751.910384615387,131.34653846153844,-18.937692307692302,-0.30799278846153844
1440695784772.7273,52.68783090909089,12.905226363636364,9191.654545454548,8776.063636363637,132.30363636363634,-19.05227272727273,14.453125,1440695784772.7273,52.68783090909089,12.905226363636364,9191.654545454548,8776.063636363637,132.30363636363634,-19.05227272727273,14.608487215909092
1440695800000,52.69042592592592,12.913354814814818,9217.77407407407,8801.535925925922,132.072962962963,-19.19592592592592,14.453125,1440695800000,52.69042592592592,12.913354814814818,9217.77407407407,8801.535925925922,131.92814814814813,-19.19592592592592,14.254195601851851
1440695826296.2964,52.69420999999998,12.924335925925925,9246.977777777778,8827.856666666665,132.88407407407405,-19.345555555555556,14.453125,1440695826296.2964,52.69420999999998,12.924335925925925,9246.977777777778,8827.856666666665,133.5381481481481,-19.345555555555556,14.272280092592593
1440695844000,52.69444999999998,12.92505,9276.448,8856.546799999998,132.5596,-19.46199999999999,14.3359375,1440695844000,52.69444999999998,12.92505,9276.448,8856.546799999998,132.88960000000006,-19.46199999999999,13.9453125
1440695871394.7368,52.70030184210527,12.941425263157889,9309.578947368422,8888.878421052632,131.97078947368422,-19.57210526315789,14.234683388157896,1440695871394.7368,52.70030184210527,12.940106842105257,9309.578947368422,8888.878421052632,131.19710526315788,-19.57210526315789,14.041940789473685
1440695890000,52.70402875000001,12.949407187499995,9340.718749999995,8920.86,131.62656250000003,-19.746562499999996,13.6444091796875,1440695890000,52.703856250000015,12.935565000000011,9340.718749999995,8920.86,131.90468750000005,-19.746562499999996,13.5986328125
1440695914571.4285,52.70694000000002,12.948899999999998,9358.514285714287,8940.424285714285,132.33285714285714,-19.854285714285716,13.4765625,1440695914571.4285,52.70694000000002,12.909999999999998,9358.514285714287,8940.424285714285,130.12,-19.854285714285716,13.4765625
1440695926058.8235,52.70968617647063,12.971794999999988,9378.23235294118,8947.614705882354,132.12970588235305,-19.9085294117647,13.505284926470589,1440695926058.8235,52.70968617647063,12.970650882352928,9378.23235294118,8468.85705882353,132.3917647058824,-19.9085294117647,13.490923713235293
1440695950911.7646,52.71298411764701,12.983085588235287,9396.197058823527,8980.288788235299,132.22617647058829,-20.104411764705894,13.4765625,1440695950911.7646,52.71298411764701,12.983085588235287,9396.197058823527,8979.929082352945,132.31529411764706,-20.104411764705894,13.390395220588236
1440695972000,52.713569999999976,12.985009999999994,9437.62166666667,9010.537499999997,132.02708333333337,-20.304583333333337,13.313802083333334,1440695972000,52.713569999999976,12.985009999999994,8271.08666666667,9010.537499999997,131.8304166666667,-20.304583333333337,13.456217447916666
1440696008575,52.71530074999996,12.99089349999999,9473.462499999998,9047.575500000008,131.89950000000005,-20.4805,13.0859375,1440696008575,52.71530074999996,12.99089349999999,8773.541499999998,9047.575500000008,131.57150000000001,-20.4805,12.92724609375
1440696031000,52.72346000000002,13.018629999999996,9506.59545454545,9071.58954545455,131.39818181818188,-20.618636363636355,13.032670454545455,1440696031000,52.72346000000002,13.018629999999996,9506.59545454545,9071.58954545455,131.13181818181823,-20.618636363636355,13.188032670454545
1440696048258.0645,52.72676774193552,13.029712580645166,9526.216129032258,9094.550322580648,131.64903225806452,-20.72258064516128,12.98828125,1440696048258.0645,52.72676774193552,13.029712580645166,9526.216129032258,9094.550322580648,129.41612903225803,-20.72258064516128,12.86227318548387
1440696069833.3333,52.73035458333336,13.035561666666672,9552.412499999997,9115.880416666665,131.29625,-20.82291666666667,13.008626302083334,1440696069833.3333,52.73035458333336,13.02311166666667,9552.412499999997,8741.17958333333,131.26583333333335,-20.82291666666667,12.68310546875
1440696091315.7896,52.733212894736866,13.049887105263165,9580.952631578946,9132.414736842109,131.1473684210526,-20.999210526315785,13.001130756578947,1440696091315.7896,52.733212894736866,13.046610263157902,9580.952631578946,6527.168421052632,130.6449999999999,-20.999210526315785,12.55139802631579
1440696114875,52.73689749999999,13.059557500000002,9600.687499999998,9165.418749999997,131.06000000000003,-21.119374999999998,12.98828125,1440696114875,52.73689749999999,13.055666250000003,9600.687499999998,9165.418749999997,129.64125000000004,-21.119374999999998,12.774658203125
1440696126000,52.73811999999999,13.067800000000004,9618.231249999999,9175.505624999998,130.50562500000004,-21.181250000000002,12.774658203125,1440696126000,52.73811999999999,13.067800000000004,9618.231249999999,9175.505624999998,130.60312500000003,-21.181250000000002,12.774658203125
1440696149512.195,52.738873902439025,13.070373902439014,9648.873170731704,9205.743902439019,130.61292682926825,-21.325853658536584,12.440453506097562,1440696149512.195,52.738873902439025,13.070373902439014,9648.873170731704,9205.743902439019,130.4575609756098,-21.358048780487803,12.273723323170731
1440696178000,52.746132,13.0952,9670.8,9226.72,130.4,-21.343999999999998,12.01171875,1440696178000,52.746132,13.0952,9670.8,9226.72,130.4,-21.496,12.01171875
1440696186548.3872,52.74698645161287,13.098256774193558,9682.48064516129,9236.873225806452,131.24548387096772,-21.467096774193553,12.232232862903226,1440696186548.3872,52.74698645161287,13.098256774193558,9682.48064516129,9236.873225806452,131.25741935483867,-21.467096774193553,12.106224798387096
1440696207560,52.74713999999997,13.098810000000007,9702.363999999996,9244.091999999997,131.84040000000002,-21.5564,12.05078125,1440696207560,52.74713999999997,13.098810000000007,9702.363999999996,9236.409600000003,133.7284,-21.5564,11.89453125
1440696229200,52.75219520000002,13.116829199999998,9729.800000000003,9272.228400000004,132.76399999999995,-21.7232,12.01171875,1440696229200,52.75219520000002,13.116829199999998,9729.800000000003,9272.228400000004,132.76399999999995,-21.7232,11.97265625
1440696247478.261,52.755906956521734,13.130178695652168,9748.910000000003,9292.516956521737,132.09304347826085,-21.812173913043473,12.01171875,1440696247478.261,52.755906956521734,13.130178695652168,9748.910000000003,9292.516956521737,133.4247826086956,-21.812173913043473,11.948029891304348
1440696266000,52.756726799999996,13.133197599999992,9771.312,9312.921199999993,131.7248,-21.9716,11.5625,1440696266000,52.756726799999996,13.133197599999992,9771.312,9312.921199999993,132.58999999999997,-21.9716,11.5625
1440696286047.6191,52.76109714285714,13.149320476190477,9789.333333333336,9330.157619047619,133.3204761904762,-22.044761904761906,11.5234375,1440696286047.6191,52.76109714285714,13.149320476190477,9789.333333333336,9329.202380952382,133.942380952381,-22.044761904761906,11.5234375
1440696308055.5557,52.763844444444395,13.15884166666668,9816.200000000004,9359.173888888887,133.1633333333333,-22.16194444444444,11.5234375,1440696308055.5557,52.763844444444395,13.15884166666668,9816.200000000004,9359.173888888887,134.53444444444443,-22.16194444444444,11.333550347222221
1440696331827.5862,52.76617000000003,13.16888,9843.303448275863,9381.683103448273,133.5260689655172,-22.27827586206896,11.5234375,1440696331827.5862,52.76617000000003,13.16888,9843.303448275863,9381.683103448273,133.6650344827586,-22.284482758620687,11.321390086206897
1440696353684.2104,52.766169999999995,13.16888,9860.500000000002,9401.242105263156,133.36294736842112,-22.299999999999997,11.5234375,1440696353684.2104,52.766169999999995,13.16888,9860.500000000002,9401.242105263156,135.9726315789474,-22.299999999999997,11.03515625
1440696366758.6206,52.76923758620689,13.142753103448284,9872.482758620685,9413.154482758624,133.3768965517241,-22.395172413793116,11.5234375,1440696366758.6206,52.76923758620689,13.145914482758629,9872.482758620685,9413.154482758624,133.65551724137924,-22.426206896551736,11.186691810344827
1440696386391.3044,52.77216999999998,13.1,9885.15217391304,9427.429130434783,134.2778260869565,-22.443913043478254,11.5234375,1440696386391.3044,52.77216999999998,13.1,8337.851304347825,9427.429130434783,134.7391304347826,-22.443913043478254,11.226222826086957
1440696405500,52.77506708333334,13.177739583333326,9904.999999999998,9443.973750000003,134.23000000000002,-22.53583333333334,11.421712239583334,1440696405500,52.77506708333334,13.177739583333326,9904.999999999998,9443.973750000003,134.32750000000004,-22.53583333333334,11.299641927083334
1440696427285.7144,52.77641500000002,13.210393214285705,9923.153571428573,9460.82928571429,134.7039285714286,-22.611071428571424,11.192103794642858,1440696427285.7144,52.77641500000002,13.210393214285705,9923.153571428573,9460.82928571429,135.2560714285714,-22.611071428571424,10.878208705357142
1440696446400,52.78107880000003,13.229697999999996,9938.671999999999,9474.737199999996,134.4388,-22.735999999999994,10.78125,1440696446400,52.78107880000003,13.229697999999996,9542.215999999999,9474.737199999996,134.0804,-22.735999999999994,10.7421875
1440696471264.151,52.78414905660381,13.242266226415103,9968.413207547168,9501.343584905662,134.63339622641504,-22.877169811320748,10.611364976415095,1440696471264.151,52.78414905660381,13.24169433962265,9968.413207547168,9501.343584905662,134.2809433962263,-22.90679245283019,10.51002358490566
1440696511235.2942,52.789172156862755,13.261047647058822,10004.562745098045,9534.330392156871,135.9274509803921,-22.96549019607843,10.556449142156863,1440696511235.2942,52.789172156862755,13.25333450980392,9828.706078431378,9534.330392156871,135.89882352941171,-23.00823529411765,10.613893995098039
1440696535000,52.79233142857144,13.277649142857134,10043.594285714282,9572.097714285715,136.70857142857142,-23.196285714285725,10.532924107142858,1440696536285.7144,52.79233142857144,13.277649142857134,9786.15171428571,9572.097714285715,136.73542857142857,-23.196285714285725,10.002790178571429
1440696569647.0588,52.79214000000001,13.276819999999997,10057.352941176467,9586.547647058824,137.95352941176472,-23.260588235294115,10.546875,1440696569647.0588,52.79214000000001,13.276819999999997,8996.907058823528,9586.547647058824,137.95352941176472,-23.260588235294115,10.546875
1440696588958.3333,52.79659000000001,13.29606583333333,10082.999999999995,9606.421666666665,137.73583333333332,-23.40000000000001,10.24169921875,1440696588958.3333,52.79659000000001,13.29606583333333,10082.999999999995,9606.421666666665,138.35041666666663,-23.40000000000001,9.99755859375
1440696604761.9048,52.8004738095238,13.312774285714289,10102.67619047619,9624.907619047623,137.90952380952376,-23.51142857142857,10.244605654761905,1440696604761.9048,52.8004738095238,13.312774285714289,10102.67619047619,9624.907619047623,137.32,-23.51142857142857,9.872581845238095
1440696625750,52.80262999999998,13.322259999999996,10124.265,9644.244,138.80999999999997,-23.537999999999993,10.0341796875,1440696625750,52.80262999999998,13.322259999999996,10124.265,9644.244,138.77149999999997,-23.537999999999993,10.0341796875
1440696645681.818,52.80519454545454,13.333600000000002,10141.509090909092,9650.417727272727,138.2368181818181,-23.61409090909092,9.5703125,1440696645681.818,52.80519454545454,13.333600000000002,9223.641818181819,9650.417727272727,138.49363636363634,-23.61409090909092,9.5703125
1440696670333.3333,52.80685416666669,13.340970000000004,10171.637500000006,9686.55833333333,138.73125,-23.7625,9.63134765625,1440696670333.3333,52.80685416666669,13.340970000000004,10171.637500000006,8936.337499999996,138.45916666666673,-23.7625,9.611002604166666
1440696690666.6667,52.81073333333333,13.358178095238094,10192.128571428573,9690.424285714289,138.26285714285717,-23.867142857142863,9.5703125,1440696690666.6667,52.81073333333333,13.358178095238094,10192.128571428573,5544.269523809526,136.8219047619047,-23.867142857142863,9.430803571428571
1440696703000,52.8123002127659,13.365092765957439,10210.570212765962,9734.843617021283,137.38255319148936,-24.018510638297883,9.269032579787234,1440696703000,52.8123002127659,13.365092765957439,6959.859361702133,9363.69297872341,136.39361702127653,-24.018510638297883,9.113198138297872
1440696748800,52.81645000000002,13.383481999999997,10243.970000000001,9758.887500000003,136.809,-24.192000000000007,9.08203125,1440696748800,52.81645000000002,13.383481999999997,10243.970000000001,8857.445500000003,135.52149999999997,-24.192000000000007,9.27734375
1440696760730.7693,52.81872461538463,13.393593461538469,10263.749999999998,9777.857307692313,136.43884615384616,-24.247307692307693,9.194711538461538,1440696760730.7693,52.81872461538463,13.393593461538469,10263.749999999998,9777.857307692313,136.11807692307696,-24.247307692307693,9.194711538461538
1440696786250,52.821827500000026,13.40724535714286,10286.017499999996,9792.502857142861,136.4517857142857,-24.36892857142855,9.169224330357142,1440696786250,52.821827500000026,13.40724535714286,10286.017499999996,8755.643928571433,135.6928571428571,-24.36892857142855,8.890206473214286
1440696804230.7693,52.821940000000026,13.407750000000002,10304.803846153845,9813.139615384616,136.22807692307694,-24.472307692307705,9.08203125,1440696804230.7693,52.821940000000026,13.407750000000002,10304.803846153845,9440.933846153846,136.23076923076925,-24.472307692307705,8.819110576923077
1440696828880.9524,52.82639214285717,13.428007142857144,10324.278571428571,9828.542380952378,136.1771428571428,-24.55952380952381,8.942522321428571,1440696828880.9524,52.82639214285717,13.428007142857144,10324.278571428571,9200.407380952378,135.53142857142853,-24.55952380952381,8.849516369047619
1440696852285.7144,52.82961999999999,13.443,10340.128571428573,9846.637142857142,136.17428571428576,-24.640000000000004,8.59375,1440696852285.7144,52.82961999999999,13.443,10340.128571428573,9846.637142857142,136.8,-24.640000000000004,8.59375
1440696867448.276,52.830642068965545,13.447760689655166,10354.058620689655,9860.134827586206,136.05724137931034,-24.742758620689653,8.72844827586207,1440696867448.276,52.830642068965545,13.447760689655166,10354.058620689655,9860.134827586206,136.34172413793104,-24.742758620689653,8.644261853448276
1440696891363.6365,52.831923636363676,13.453691818181813,10378.272727272724,9881.400454545455,136.09454545454534,-24.876590909090908,8.582652698863637,1440696891363.6365,52.831923636363676,13.453691818181813,10378.272727272724,9881.400454545455,135.6990909090908,-24.876590909090908,8.649236505681818
1440696916400,52.83611299999999,13.473044000000002,10394.87,9898.862000000001,136.36400000000003,-24.915,8.447265625,1440696916400,52.83611299999999,13.473044000000002,10394.87,9898.862000000001,136.36400000000003,-24.915,8.447265625
1440696929950,52.8383825,13.483324999999997,10405.650000000005,9908.632000000001,136.27350000000004,-24.996000000000002,8.251953125,1440696929950,52.8383825,13.483324999999997,10405.650000000005,9908.632000000001,136.63199999999995,-24.996000000000002,8.1787109375
1440696946315.7896,52.83844,13.483589999999996,10420.705263157894,9923.348947368422,135.98842105263165,-25.135263157894734,8.259662828947368,1440696946315.7896,52.83844,13.483589999999996,10420.705263157894,9923.348947368422,135.3989473684211,-25.135263157894734,8.05407072368421
1440696968294.1177,52.83999588235296,13.491031176470587,10440.214705882356,9937.880882352942,135.61647058823536,-25.254411764705868,8.277803308823529,1440696968294.1177,52.83999588235296,13.491031176470587,10440.214705882356,9937.880882352942,135.25647058823532,-25.254411764705868,8.033662683823529
1440696987333.3333,52.84481466666668,13.513919000000007,10456.576000000001,9953.416666666666,135.5056666666667,-25.38633333333333,8.203125,1440696987333.3333,52.84481466666668,13.513919000000007,10456.576000000001,9953.416666666666,135.61133333333336,-25.38633333333333,7.926432291666667
1440697007363.6365,52.84719954545455,13.525175454545455,10469.995454545458,9964.461363636367,136.470909090909,-25.461818181818185,8.127663352272727,1440697007363.6365,52.84719954545455,13.525175454545455,10469.995454545458,9964.461363636367,136.62363636363628,-25.461818181818185,7.8835227272727275
1440697024458.3333,52.849286666666664,13.530102083333334,10484.670833333337,9980.470416666669,136.89999999999998,-25.55416666666666,8.064778645833334,1440697024458.3333,52.849286666666664,13.535395833333334,10484.670833333337,9980.470416666669,136.89999999999998,-25.55416666666666,7.80029296875
1440697047744.681,52.85170893617024,13.511381489361696,10508.417021276606,10000.6885106383,137.15510638297883,-25.57106382978724,7.637965425531915,1440697047744.681,52.85170893617024,13.510601276595743,10508.417021276606,10000.6885106383,137.43553191489372,-25.563617021276606,7.554853723404255
1440697075000,52.85484000000001,13.562110000000002,10522.066666666668,10013.226666666666,137.1588888888889,-25.68777777777778,7.6171875,1440697075000,52.85484000000001,13.562110000000002,10522.066666666668,10013.226666666666,136.16333333333333,-25.68777777777778,7.454427083333333
1440697084117.647,52.854839999999996,13.562109999999997,10528.376470588235,10017.752941176468,137.27941176470588,-25.75823529411765,7.6171875,1440697084117.647,52.854839999999996,13.562109999999997,10528.376470588235,10017.752941176468,135.77705882352942,-25.75823529411765,7.588465073529412
1440697109000,52.85827000000002,13.577516285714296,10542.302857142851,10028.579714285715,137.03199999999995,-25.833714285714294,7.575334821428571,1440697109000,52.85827000000002,13.573967142857152,9941.28628571428,10028.579714285715,136.9808571428571,-25.833714285714294,7.310267857142857
1440697129384.6155,52.85923000000002,13.583339999999994,10557.100000000002,10046.042307692307,136.4707692307692,-25.95846153846154,7.279146634615385,1440697129384.6155,52.85923000000002,13.583339999999994,10557.100000000002,10046.042307692307,136.50230769230768,-25.95846153846154,7.279146634615385
1440697148593.75,52.86125968750001,13.59327749999999,10572.476149999995,10060.165000000005,136.32125000000005,-26.042812499999993,7.159423828125,1440697148593.75,52.86125968750001,13.59327749999999,10572.476149999995,10060.165000000005,135.63250000000008,-26.042812499999993,6.9915771484375
1440697173720,52.86501639999999,13.611330399999996,10590.836000000001,10076.5312,136.0744,-26.089999999999996,7.20703125,1440697173720,52.86501639999999,13.611330399999996,10590.836000000001,10076.5312,135.44200000000006,-26.0904,7.12890625
1440697190000,52.86748999999998,13.62294,10604.76111111111,10090.089999999998,135.5283333333333,-26.205555555555563,7.12890625,1440697190000,52.86748999999998,13.62294,10604.76111111111,10090.089999999998,135.08111111111108,-26.205555555555563,7.020399305555555
1440697209761.9048,52.86748999999999,13.622939999999998,10615.76666666667,10101.215238095238,135.637619047619,-26.313333333333336,7.12890625,1440697209761.9048,52.86748999999999,13.622939999999998,10615.76666666667,10101.215238095238,135.637619047619,-26.313333333333336,7.291666666666667
1440697228476.1904,52.87041857142855,13.636847142857144,10629.58095238095,10113.816666666664,135.03714285714287,-26.384761904761906,6.919642857142857,1440697228476.1904,52.87041857142855,13.636847142857144,10629.58095238095,10113.816666666664,135.03714285714287,-26.384761904761906,6.919642857142857
1440697248250,52.87284937500002,13.648357500000014,10644.228125000003,10126.822187500002,135.35875000000004,-26.459375,6.793212890625,1440697248250,52.87284937500002,13.648357500000014,10644.228125000003,10126.822187500002,134.42218749999998,-26.459375,6.610107421875
1440697266368.4211,52.87507210526316,13.658872105263159,10654.868421052632,10139.35105263158,134.97,-26.518421052631574,6.640625,1440697266368.4211,52.87507210526316,13.658872105263159,9648.552631578947,10139.35105263158,134.97,-26.518421052631574,6.640625
1440697280826.087,52.87779869565217,13.67184695652174,10667.660869565221,10148.079565217395,134.72826086956525,-26.553478260869564,6.661854619565218,1440697280826.087,52.87779869565217,13.67184695652174,10667.660869565221,10148.079565217395,134.72826086956525,-26.553478260869564,6.619395380434782
1440697306333.3333,52.87983249999999,13.681607083333338,10680.170833333337,10160.17708333333,134.92083333333326,-26.648333333333326,6.640625,1440697306333.3333,52.87983249999999,13.681607083333338,10236.120833333336,10160.17708333333,134.23499999999999,-26.648333333333326,6.640625
1440697324321.4285,52.8821757142857,13.692961428571435,10687.789285714282,10169.787142857147,134.6575,-26.73071428571429,6.326729910714286,1440697324321.4285,52.8821757142857,13.692961428571435,8783.11607142857,10169.787142857147,134.5832142857143,-26.73071428571429,6.326729910714286
1440697345000,52.88466888888889,13.705121666666665,10702.249999999996,10181.971666666665,134.7266666666667,-26.82222222222223,6.287977430555555,1440697345000,52.88466888888889,13.705121666666665,8335.478333333334,10181.971666666665,134.7266666666667,-26.82222222222223,6.016710069444445
1440697368285.7144,52.88671714285714,13.715131035714291,10716.210357142858,10188.867142857142,134.66285714285712,-26.90142857142857,6.222098214285714,1440697368285.7144,52.88671714285714,13.715131035714291,10338.3075,10188.867142857142,134.50357142857143,-26.90142857142857,6.169782366071429
1440697380000,52.88865222222224,13.724645555555561,10730.024814814815,10194.05185185185,134.54777777777772,-26.889999999999993,6.260850694444445,1440697380000,52.88865222222224,13.724645555555561,10333.3,10181.94740740741,134.3644444444444,-26.953333333333347,6.061921296296297
1440697408277.7778,52.888770000000015,13.725230000000003,10737.641111111112,10215.645555555555,134.50611111111115,-26.906111111111112,6.206597222222222,1440697408277.7778,52.888770000000015,13.725230000000003,8952.216666666667,10215.645555555555,134.43444444444447,-26.91,6.043836805555555
1440697425960,52.89204560000003,13.741167199999992,10747.324,10213.653999999999,134.52360000000007,-26.8992,6.19140625,1440697425960,52.89204560000003,13.741167199999992,10747.324,10213.653999999999,134.51800000000006,-26.8992,5.87890625
1440697441913.0435,52.8932391304348,13.746973913043472,10754.199999999997,10228.053478260872,134.50173913043477,-26.882608695652166,6.067425271739131,1440697441913.0435,52.8932391304348,13.746973913043472,10754.199999999997,8451.56695652174,134.5369565217391,-26.882608695652166,6.0037364130434785
1440697470258.0645,52.89783548387092,13.769357096774199,10757.732258064518,10234.640645161291,134.48129032258058,-26.889999999999993,5.758568548387097,1440697470258.0645,52.89783548387092,13.769357096774199,10759.13870967742,9937.656451612904,134.48645161290315,-26.867741935483874,-0.8726058467741935
1440697490000,52.899,13.775049999999995,10756.075000000003,10234.420833333332,134.44000000000003,-26.887499999999992,5.6640625,1440697490000,52.899,13.775049999999995,10760.608333333334,10212.895833333332,134.44000000000003,-26.887499999999992,5.7861328125
1440697508000,52.90138531249999,13.786679687500005,10758.168750000004,10233.63375,134.3909375,-26.91718750000002,5.5419921875,1440697508000,52.90138531249999,13.786679687500005,10758.596875000005,10233.63375,134.3909375,-26.91718750000002,5.4656982421875
1440697528538.4614,52.902759999999994,13.7934,10755.284615384615,10229.306153846152,134.36769230769232,-26.974615384615387,5.2509014423076925,1440697528538.4614,52.902759999999994,13.7934,10755.284615384615,10229.306153846152,134.37615384615384,-26.974615384615387,5.2509014423076925
1440697543809.524,52.90275999999998,13.7934,10753.985714285718,10225.584285714282,134.35714285714286,-27.023333333333333,5.338541666666667,1440697543809.524,52.90275999999998,13.7934,10753.985714285718,10225.584285714282,134.23571428571427,-27.023333333333333,-7.51953125
1440697567833.3333,52.90672624999999,13.812861666666663,10746.920833333335,10222.827083333335,134.36208333333332,-27.071250000000003,5.17578125,1440697567833.3333,52.90672624999999,13.812861666666663,10746.920833333335,7703.5675,134.3616666666666,-27.071250000000003,5.17578125
1440697591833.3333,52.91059833333333,13.832004166666664,10739.066666666668,10212.051249999999,134.23541666666662,-27.181250000000006,5.17578125,1440697591833.3333,52.91059833333333,13.832004166666664,10739.066666666668,10204.88875,134.20249999999996,-27.181250000000006,5.074055989583333
1440697614071.4285,52.91108714285714,13.83443785714286,10735.942857142858,10207.39357142857,134.25428571428571,-27.252857142857142,5.17578125,1440697614071.4285,52.91108714285714,13.83443785714286,10735.942857142858,10207.39357142857,134.11142857142858,-27.252857142857142,5.140904017857143
1440697630000,52.9147725,13.852382500000003,10733.470833333338,10204.358333333335,134.17999999999992,-27.35874999999999,5.17578125,1440697630000,52.9147725,13.852382500000003,10733.470833333338,10204.358333333335,134.1508333333333,-27.35874999999999,4.99267578125
1440697649567.5676,52.916249189189166,13.85711027027027,10730.502702702697,10199.535945945945,134.08621621621623,-27.464054054054056,4.859058277027027,1440697649567.5676,52.916249189189166,13.857685405405407,8410.367567567564,10199.535945945945,133.94810810810813,-27.464054054054056,4.806271114864865
1440697678000,52.91978,13.852999999999998,10731.014285714287,10197.130000000001,133.59,-27.490000000000002,4.827008928571429,1440697678000,52.91978,13.877759999999999,1.8000000000000003,10189.631428571429,133.59,-27.490000000000002,4.966517857142857
1440697689541.6667,52.920724999999976,13.813250000000005,10724.20416666667,10196.706250000003,133.58916666666667,-27.49666666666667,4.728190104166667,1440697689541.6667,52.920724999999976,13.819440000000005,9383.190833333336,10170.906666666671,133.58916666666667,-27.49666666666667,4.50439453125
1440697702000,52.921039999999984,13.800000000000002,10721.028571428571,10191.035714285716,133.5507142857143,-27.50571428571428,4.757254464285714,1440697702000,52.921039999999984,13.800000000000002,9954.512857142856,10191.035714285716,133.1214285714286,-27.50571428571428,4.861886160714286
1440697728000,52.92375034482761,13.871234482758629,10718.451724137933,10186.751379310344,133.31103448275854,-27.50896551724138,4.636988146551724,1440697728000,52.92375034482761,13.871234482758629,9240.796551724137,10186.751379310344,133.27999999999994,-27.517241379310338,4.704337284482759
1440697743000,52.92704153846155,13.90614807692307,10715.380769230766,10185.496538461537,133.09884615384613,-27.516538461538453,4.387019230769231,1440697743000,52.92704153846155,13.90614807692307,10715.380769230766,10185.496538461537,132.77653846153845,-27.519230769230756,4.048978365384615
1440697774375,52.92858999999999,13.899999999999999,10712.6625,10182.604583333328,132.94708333333332,-27.513749999999998,4.300944010416667,1440697774375,52.92858999999999,13.899999999999999,10712.6625,10182.604583333328,132.79125000000008,-27.530416666666653,4.117838541666667
1440697795000,52.92858999999999,13.900000000000004,10710.34375,10180.63875,133.22000000000003,-27.515625,3.77197265625,1440697795000,52.92858999999999,13.900000000000004,10710.34375,10180.63875,132.8825,-27.518749999999997,3.77197265625
1440697813857.1428,52.93115285714286,13.900000000000002,10707.514285714287,10176.78857142857,133.49,-27.509999999999998,3.7109375,1440697813857.1428,52.93115285714286,38.332857142857144,10707.514285714287,10176.78857142857,133.49,-27.509999999999998,3.7109375
1440697823448.276,52.93553620689657,13.952973793103446,10704.289655172415,10174.008965517243,133.35068965517246,-27.507241379310344,3.9634967672413794,1440697823448.276,52.93553620689657,15.918835862068963,10704.289655172415,10174.008965517243,133.93758620689658,-27.50172413793103,3.8287984913793105
1440697845307.6924,52.937739230769246,13.96531,10702.130769230771,10170.736153846152,133.48461538461538,-27.5,3.7109375,1440697845307.6924,52.937739230769246,13.96531,10702.130769230771,10170.736153846152,133.6946153846154,-27.5,3.8236177884615383
1440697866794.8718,52.940101025641,13.970096410256424,10698.24615384615,10166.328461538456,133.28871794871793,-27.56256410256411,3.5857371794871793,1440697866794.8718,52.940101025641,13.96739743589745,10698.24615384615,10166.328461538456,133.79564102564092,-27.56256410256411,3.5982572115384617
1440697902518.5186,52.941615925925895,13.978348148148154,10694.529629629631,10162.947037037038,133.13518518518524,-27.66481481481481,3.6024305555555554,1440697902518.5186,52.941615925925895,13.978348148148154,10694.529629629631,8656.864074074074,133.56888888888892,-27.66481481481481,3.2588252314814814
1440697924428.5715,52.945090000000015,14.002199999999997,10689.371428571425,10157.170000000004,133.38285714285715,-27.75214285714286,3.7109375,1440697924428.5715,52.945090000000015,14.002199999999997,10689.371428571425,10157.170000000004,133.38285714285715,-27.75214285714286,3.676060267857143
1440697945714.2856,52.94759476190475,14.014619047619052,10687.88095238095,10152.165714285713,133.01428571428565,-27.823809523809526,3.455171130952381,1440697945714.2856,52.94759476190475,14.014619047619052,7147.014285714281,10152.165714285713,133.01428571428565,-27.823809523809526,3.3389136904761907
1440697963863.6365,52.95013954545455,14.027011818181819,10689.454545454544,10156.165454545458,133.05545454545458,-27.886363636363637,3.444602272727273,1440697963863.6365,52.95013954545455,14.027011818181819,7788.731818181817,10150.105318181817,133.35863636363635,-27.886363636363637,3.22265625
1440697990657.8948,52.95240736842109,14.037938947368415,10690.49210526315,10157.173947368423,132.57684210526318,-27.868684210526315,3.2355057565789473,1440697990657.8948,52.95240736842109,14.037938947368415,10690.634210526308,10157.332631578947,132.1407894736842,-27.899999999999995,3.145559210526316
1440698018000,52.95359,14.04362,10700.6,10166.875999999998,132.378,-27.851999999999997,3.125,1440698018000,52.95359,14.04362,10700.6,10166.875999999998,132.378,-27.851999999999997,3.125
1440698031615.3845,52.95359000000003,14.043619999999992,10703.030769230762,10172.092307692312,132.07769230769233,-27.86615384615385,2.997295673076923,1440698031615.3845,52.95359000000003,14.043619999999992,7779.905384615387,10172.092307692312,131.85512820512818,-27.866666666666667,2.6467347756410255
1440698068920,52.95562999999999,14.043619999999997,10714.227999999997,10179.4988,131.5556,-27.93480000000001,2.94921875,1440698068920,52.95562999999999,14.053311200000003,9438.580000000002,10179.4988,131.5556,-27.93480000000001,2.75390625
1440698086538.4614,52.963946410256355,14.058666923076913,10723.656410256419,10186.333333333325,131.05641025641015,-28.043846153846133,2.79697516025641,1440698086538.4614,52.963946410256355,14.053153076923078,10723.656410256419,10186.333333333325,130.8328205128204,-28.043846153846133,2.5966546474358974
1440698127692.3076,52.96711,14.109317307692304,10731.42307692308,10192.231538461534,130.80230769230772,-28.146153846153837,2.734375,1440698127692.3076,52.96711,14.109317307692304,10731.42307692308,10192.231538461534,130.80230769230772,-28.146153846153837,2.5653545673076925
1440698146040,52.968650799999985,14.106598400000003,10734.240000000005,10194.1624,130.63839999999993,-28.201200000000004,2.6953125,1440698146040,52.968650799999985,14.109617600000004,10734.240000000005,10189.1808,130.74879999999996,-28.201200000000004,2.48046875
1440698168080,52.970469999999985,14.100000000000001,10738.944000000007,10196.315199999995,130.66,-28.26079999999999,2.421875,1440698168080,52.970469999999985,14.100000000000001,10738.944000000007,10176.037999999997,130.7272,-28.26079999999999,2.3046875
1440698187250,52.971758,14.134000499999996,10742.255,10200.734,130.57,-28.311,2.392578125,1440698187250,52.94357,14.134000499999996,10742.255,10200.734,130.67300000000003,-28.311,2.0263671875
1440698209473.6843,52.973454210526306,14.151334210526317,10741.852631578951,10201.14736842105,130.31947368421052,-28.34789473684211,2.3488898026315788,1440698209473.6843,52.936364736842094,14.151334210526317,10743.836842105267,10201.14736842105,130.31947368421052,-28.34789473684211,2.117598684210526
1440698226769.2307,52.97745653846153,14.159471538461531,10743.080769230768,10200.332307692313,129.9953846153846,-28.39346153846153,2.3399939903846154,1440698226769.2307,52.97745653846153,14.159471538461531,10743.080769230768,10188.959615384618,129.9953846153846,-28.39346153846153,2.189753605769231
1440698248565.2173,52.97960782608693,14.17004391304348,10744.01739130435,10200.659565217387,129.51782608695652,-28.470000000000013,2.2885529891304346,1440698248565.2173,52.97960782608693,14.17004391304348,10743.94782608696,10173.171739130432,129.51782608695652,-28.470000000000013,1.863960597826087
1440698272391.3044,52.98193608695651,14.181612173913043,10744.621739130434,10200.593043478259,129.465652173913,-28.51521739130434,2.2036345108695654,1440698272391.3044,52.98193608695651,14.181612173913043,10744.691304347825,10200.593043478259,129.38217391304352,-28.51521739130434,1.9488790760869565
1440698291000,52.982929999999996,14.18657,10744.600000000002,10198.142,129.61699999999996,-28.527000000000005,2.05078125,1440698291000,52.982929999999996,14.18657,10744.600000000002,10198.142,129.60599999999997,-28.536,2.05078125
1440698300000,52.98477600000001,14.195789599999994,10741.768,10196.07856,130.19839999999994,-28.522399999999994,1.9921875,1440698300000,52.98477600000001,14.195789599999994,10741.768,10196.07856,130.19839999999994,-28.54959999999999,1.796875
1440698329200,52.98668533333335,14.205324666666664,10739.060000000003,10193.372000000001,130.08933333333331,-28.529333333333323,1.9856770833333333,1440698329200,52.98668533333335,14.205324666666664,10739.060000000003,10193.372000000001,130.32866666666663,-28.535333333333323,1.46484375
1440698346352.9412,52.99006647058823,14.221058823529416,10736.905882352945,10190.692352941178,130.15529411764703,-28.521764705882347,1.6716452205882353,1440698346352.9412,52.99006647058823,14.221058823529416,10736.905882352945,10190.692352941178,130.15529411764703,-28.521764705882347,1.4418658088235294
1440698371333.3333,52.99223166666667,14.233185000000008,10731.47916666667,10185.872500000007,130.09708333333336,-28.522916666666656,1.26953125,1440698371333.3333,52.99223166666667,14.233185000000008,10731.47916666667,10185.872500000007,130.0404166666667,-28.521666666666658,1.26953125
1440698394300,52.99459,14.245146,10724.965000000004,10183.479500000005,129.857,-28.52299999999999,1.26953125,1440698394300,52.99459,14.245146,10724.965000000004,10166.745500000005,129.64299999999997,-28.50999999999999,1.2939453125
1440698409411.7646,52.996404117647046,14.25434470588235,10719.329411764706,10174.002035294116,129.70823529411769,-28.52764705882352,1.26953125,1440698409411.7646,52.996404117647046,14.25434470588235,10092.334705882353,10174.002035294116,129.6917647058824,-28.54235294117647,1.26953125
1440698431333.3333,52.998444102564086,14.2646,10709.956410256409,10164.96165641026,129.98794871794868,-28.523846153846137,1.26953125,1440698431333.3333,52.998444102564086,14.2646,10709.956410256409,10164.96165641026,129.9443589743589,-28.537692307692296,1.056690705128205
1440698454777.7778,53.00101666666667,14.277493333333329,10704.905555555555,10160.263333333336,129.9711111111111,-28.522222222222215,1.26953125,1440698454777.7778,53.00101666666667,14.277493333333329,8450.965555555556,10160.263333333336,130.42055555555558,-28.522222222222215,1.1610243055555556
1440698471666.6667,53.00242777777779,14.28064111111111,10696.227777777774,10155.927777777777,130.11722222222224,-28.54222222222223,1.26953125,1440698471666.6667,53.00242777777779,14.275827777777778,10696.227777777774,10155.927777777777,130.30277777777778,-28.54222222222223,0.78125
1440698492633.3333,53.004527333333336,14.286354666666671,10689.193333333333,10146.266666666666,130.20399999999998,-28.59733333333333,1.1067708333333333,1440698492633.3333,53.004527333333336,14.271518666666676,10689.193333333333,10146.266666666666,130.22099999999998,-28.612333333333332,0.927734375
1440698512000,53.0080209375,14.309638124999998,10684.496875000003,10137.096875000005,130.65374999999997,-28.624062499999997,1.055908203125,1440698512000,53.0080209375,14.309638124999998,6682.852500000001,10137.096875000005,130.65374999999997,-28.630937499999995,0.872802734375
1440698547090.9092,53.011413939393904,14.323693939393946,10677.560606060604,10132.327878787873,130.71848484848482,-28.62939393939394,0.8996212121212122,1440698547090.9092,53.011413939393904,14.32099696969698,4863.195757575757,10116.15242424242,130.78121212121212,-28.62969696969697,0.5741003787878788
1440698579000,53.01469629629632,14.326603333333335,10666.729629629626,10122.640000000003,130.72703703703704,-28.628518518518515,0.8174189814814815,1440698579000,53.01469629629632,14.31708703703704,10666.729629629626,10120.536296296297,130.65185185185186,-28.62444444444444,0.7269965277777778
1440698612727.2727,53.01638000000002,14.355099999999995,10663.59090909091,10120.554545454548,130.73727272727274,-28.623636363636365,0.42613636363636365,1440698612727.2727,53.01638000000002,14.355099999999995,10663.59090909091,10120.554545454548,130.83999999999997,-28.622727272727275,0.42613636363636365
1440698628000,53.018602499999986,14.366343750000006,10658.63125,10115.316875000002,130.690625,-28.620625000000004,0.384521484375,1440698628000,53.018602499999986,14.366343750000006,10658.63125,10115.316875000002,130.756875,-28.620625000000004,0.384521484375
1440698650000,53.02030124999999,14.33236875,10655.324999999999,10110.82,130.765,-28.62,0.29296875,1440698650000,53.02030124999999,14.575481250000001,10655.324999999999,10110.82,130.8425,-28.62,0.29296875
1440698666000,53.022085000000004,14.376309375000002,10652.812499999998,10112.141250000002,130.705,-28.623749999999998,0.29296875,1440698666000,53.022085000000004,14.459090625000002,10652.812499999998,10090.181250000001,130.705,-28.623749999999998,0.29296875
1440698688148.1482,53.02421481481479,14.39537814814814,10645.874074074076,10100.337777777777,130.68518518518522,-28.63999999999999,0.32913773148148145,1440698688148.1482,53.02421481481479,14.39537814814814,10645.874074074076,10100.337777777777,130.56370370370374,-28.63999999999999,0.31105324074074076
1440698709875,53.026153749999985,14.405500624999997,10636.968750000002,10092.65375,130.66250000000005,-28.632499999999997,0.29296875,1440698709875,53.026153749999985,14.405500624999997,10636.968750000002,10092.65375,130.501875,-28.632499999999997,0.262451171875
1440698731181.818,53.02645,14.407039999999997,10630.790909090907,10091.81,130.76454545454547,-28.629090909090902,-0.15092329545454544,1440698731181.818,53.02645,14.407039999999997,10630.790909090907,10091.81,131.09,-28.601818181818178,-0.15092329545454544
1440698747923.077,53.02999346153847,14.422676923076924,10625.007692307692,10079.39923076923,130.7199999999999,-28.63615384615384,-0.15775240384615385,1440698747923.077,53.02999346153847,14.421864615384616,10218.715384615385,10079.39923076923,130.81615384615378,-28.603461538461545,-0.15775240384615385
1440698768615.3845,53.032285,14.428616923076929,10612.869230769233,10069.193846153845,130.77,-28.63192307692307,-0.15775240384615385,1440698768615.3845,53.032285,14.426180000000008,9398.240000000002,10069.193846153845,130.94961538461538,-28.619230769230775,-0.17653245192307693
1440698788000,53.03269,14.440040000000005,10600.726086956527,10036.247826086958,130.72782608695653,-28.642608695652164,-0.1953125,1440698788000,53.03269,14.440040000000005,10600.726086956527,10036.247826086958,130.42956521739134,-28.642608695652164,-0.17408288043478262
1440698814727.2727,53.036930000000005,14.451981363636362,10588.545454545454,10043.601363636366,130.80409090909095,-28.66181818181818,-0.15092329545454544,1440698814727.2727,53.036930000000005,14.459359999999998,10588.545454545454,9310.168636363638,130.54545454545462,-28.66181818181818,-0.06214488636363636
1440698834000,53.03815,14.455010000000007,10579.250000000002,10036.623333333335,131.06333333333336,-28.685833333333335,-0.1953125,1440698834000,53.03815,14.445000000000006,10579.250000000002,10036.623333333335,131.00500000000002,-28.685833333333335,-0.23600260416666666
1440698852333.3333,53.04007083333332,14.4439175,10570.1675,10030.853333333334,131.18000000000004,-28.7,-0.15462239583333334,1440698852333.3333,53.04007083333332,14.40721416666667,10570.1675,10030.853333333334,131.18000000000004,-28.7,0.21158854166666666
1440698865760,53.0417372,14.485149600000002,10563.684,10023.941199999997,131.25159999999997,-28.689600000000006,-0.21484375,1440698865760,53.0417372,14.477949600000002,10563.684,10023.941199999997,131.75920000000002,-28.717600000000015,-0.4296875
1440698890619.0476,53.04372714285715,14.499113809523806,10557.685714285715,10018.009523809525,131.2214285714286,-28.705714285714283,-0.45107886904761907,1440698890619.0476,53.04372714285715,14.499113809523806,10557.685714285715,9634.258095238098,131.2228571428572,-28.71047619047619,-0.45107886904761907
1440698908217.3914,53.04572391304348,14.509638695652177,10551.926086956522,10011.049217391303,131.1665217391304,-28.694782608695654,-0.6199048913043478,1440698908217.3914,53.04572391304348,14.509638695652177,10551.926086956522,10011.049217391303,130.5447826086956,-28.68695652173912,-7.073709239130435
1440698925000,53.04707,14.516629999999994,10546.315384615385,10006.033846153845,131.27923076923076,-28.691538461538464,-0.6084735576923077,1440698925000,53.04707,14.516629999999994,10546.315384615385,10006.033846153845,131.11692307692306,-28.676153846153852,-0.6084735576923077
1440698948736.842,53.049432105263165,14.524379473684212,10541.83157894737,10000.28684210526,131.2773684210526,-28.678421052631577,-0.68359375,1440698948736.842,53.049432105263165,14.523869473684211,10541.83157894737,10000.28684210526,131.20789473684212,-28.678421052631577,-0.6578947368421053
1440698967850,53.05033999999999,14.53367,10535.740000000003,9995.143,131.28050000000002,-28.6835,-0.6103515625,1440698967850,53.05033999999999,14.53367,10535.740000000003,9995.143,131.47899999999998,-28.672000000000004,-0.927734375
1440698980863.6365,53.05253000000002,14.545138181818182,10527.795454545458,9987.114090909088,131.1322727272727,-28.678636363636357,-0.68359375,1440698980863.6365,53.05253000000002,14.545138181818182,10527.795454545458,9987.114090909088,130.93318181818177,-28.66409090909091,-0.9943181818181818
1440699000000,53.05556079999999,14.560927599999996,10518.824,9978.9188,130.97999999999993,-28.68760000000001,-0.64453125,1440699000000,53.05556079999999,14.560927599999996,10518.824,8791.405999999999,130.73959999999997,-28.690000000000012,-1.03515625
1440699020000,53.05727541666669,14.569869583333327,10511.470833333338,9973.654583333331,130.9754166666667,-28.66416666666667,-0.8463541666666666,1440699020000,53.05727541666669,14.569869583333327,10511.470833333338,9966.614999999996,130.8041666666667,-28.66416666666667,-0.8870442708333334
1440699049529.4119,53.06042,14.586583529411765,10504.547058823528,9965.760588235295,131.2629411764706,-28.626470588235296,-1.1144301470588236,1440699049529.4119,53.06042,14.586583529411765,10504.547058823528,9965.760588235295,131.2735294117647,-28.626470588235296,-1.2293198529411764
1440699072050,53.06187,14.5942825,10500.978,9962.426000000001,131.46800000000007,-28.602500000000013,-1.0986328125,1440699072050,53.06187,14.5942825,10500.978,9962.426000000001,131.46800000000007,-28.602500000000013,-1.0986328125
1440699082000,53.06363275862069,14.60363103448276,10492.155172413793,9955.217241379314,131.5127586206896,-28.563793103448255,-1.1550377155172413,1440699082000,53.06363275862069,14.60363103448276,10492.155172413793,8670.043448275865,131.78551724137927,-28.563793103448255,-1.1887122844827587
1440699130772.7273,53.06547,14.613380000000005,10480.418181818184,9945.474545454546,131.38454545454545,-28.570454545454528,-1.171875,1440699130772.7273,53.06547,14.613380000000005,10480.418181818184,9945.474545454546,131.38454545454545,-28.549545454545445,-1.4604048295454546
1440699144000,53.06547,14.613380000000003,10475.400000000001,9943.08111111111,131.43222222222224,-28.563333333333333,-1.1176215277777777,1440699144000,53.06547,14.613380000000003,10475.400000000001,9943.08111111111,131.1722222222222,-28.563333333333333,-1.5516493055555556
1440699167812.5,53.07001500000002,14.613380000000005,10469.925,9931.310625000002,131.94187499999992,-28.56125,-1.171875,1440699167812.5,53.07001500000002,14.603344999999996,10469.925,9931.310625000002,131.92249999999993,-28.56125,-1.385498046875
1440699188478.261,53.07331999999999,14.64798043478261,10465.91304347826,9934.133043478261,131.60956521739124,-28.543913043478252,-1.171875,1440699188478.261,53.07331999999999,14.645071739130435,10465.91304347826,6543.679565217388,132.1695652173913,-28.543913043478252,-1.171875
1440699204000,53.07446266666667,14.66100066666667,10461.08,9929.128666666667,131.14199999999997,-28.514,-0.09765625,1440699204000,53.07446266666667,14.66100066666667,10461.08,3193.032666666667,131.24399999999997,-28.514,-0.09765625
1440699225700,53.076895999999984,14.673873999999993,10453.596666666663,9922.520333333327,131.53033333333326,-28.51066666666666,3.515625,1440699225700,53.076895999999984,14.673873999999993,10453.596666666663,5793.765333333333,130.37199999999993,-28.497333333333337,3.515625
1440699264603.4482,53.080303275862036,14.687482413793107,10443.451724137929,9904.256034482754,130.91465517241372,-28.51241379310344,8.560075431034482,1440699264603.4482,53.08171103448275,14.691129827586192,9141.339655172409,8501.086206896547,129.97310344827574,-28.486896551724154,11.001481681034482